corpid,brands,appdate,subnum
b'1',b'ZSHOPS',2010-09-07,b'6'
b'1',b'AMAZON.COM',2010-04-23,b'6'
b'1',b'LOGO',2010-04-23,b'6'
b'1',b'SELLER CENTRAL',2003-09-26,b'6'
b'1',b'AMAZON',2003-06-12,b'6'
b'1',b'GOLD BOX',2002-07-01,b'6'
b'1',b'No Verbal Elements',2000-01-12,b'6'
b'1',b'NEW FOR YOU',1998-01-02,b'6'
b'1',b'1-CLICK',1998-01-02,b'6'
b'1',b'EARTHS BIGGEST BOOKSTORE',1997-04-18,b'6'
b'1',b'zshops shops',2000-02-24,b'6'
b'1',b'LISTMANIA',2000-05-17,b'6'
b'1',b'EARTHS BIGGEST SELECTION',1999-03-29,b'6'
b'1',b'STRATHWOOD',2004-02-10,b'6'
b'1',b'\xd8\xb2\xd8\xb4\xd9\x88\xd8\xa8\xd8\xb3',2000-03-22,b'6'
b'1',b'WHITE FRIDAY SALE',2015-12-17,b'5'
b'1',b'SHELFARI',2007-01-09,b'5'
b'1',b'ALEXA',2018-09-17,b'5'
b'1',b'ECHO',2018-07-04,b'5'
b'1',b'prime',2017-09-27,b'5'
b'1',b'AMAZON PRIME',2016-12-02,b'5'
b'1',b'KINDLE',2013-02-11,b'5'
b'1',b'JET CITY',2013-09-30,b'5'
b'1',b'DASH',2017-01-05,b'5'
b'1',b'A',2015-05-01,b'5'
b'1',b'EVERY PACK HAS A STORY',2015-04-30,b'5'
b'1',b'AMAZON ELEMENTS',2015-04-30,b'5'
b'1',b'AMAZON DASH',2015-04-09,b'5'
b'1',b'JAMES & ERIN',2015-04-01,b'5'
b'1',b'KINDLE VOYAGE',2015-01-20,b'5'
b'1',b'MAYDAY',2014-10-22,b'5'
b'1',b'FIRE',2014-10-21,b'5'
b'1',b'NUPRO',2014-10-01,b'5'
b'1',b'AMAZON FIRE',2014-07-10,b'5'
b'1',b'PAPERWHITE',2012-11-02,b'5'
b'1',b'KINDLE FREETIME',2012-09-26,b'5'
b'1',b'KINDLE POWERFAST',2012-09-26,b'5'
b'1',b'AMAZON =',2010-04-14,b'5'
b'1',b'FIREVIEWER',2000-04-14,b'5'
b'1',b'FIREDOCK',2012-04-22,b'5'
b'1',b'ARABELLA',2017-05-06,b'5'
b'1',b'GRAPH CACHE THRASH',2016-08-04,b'5'
b'1',b'MAMA BEAR',2016-05-16,b'5'
b'1',b'STYLE CODE',2015-08-06,b'5'
b'1',b'AMAZON ECHO',2015-04-30,b'5'
b'1',b'BLAZEGRAPH',2015-01-08,b'5'
b'1',b'MAPGRAPH',2015-01-08,b'5'
b'1',b'FIREFLY',2014-09-30,b'5'
b'1',b'CLOUDTRAIL',2013-10-23,b'5'
b'1',b'JET CITY COMICS',2013-08-19,b'5'
b'1',b'TWO LIONS',2012-10-29,b'5'
b'1',b'SKYSCAPE',2012-08-30,b'5'
b'1',b'LITTLE A',2012-08-02,b'5'
b'1',b'DAY ONE',2012-07-05,b'5'
b'1',b'FAMILYHOOD',2012-04-17,b'5'
b'1',b'AMAZON SILK',2011-09-29,b'5'
b'1',b'KINDLE FIRE',2011-09-28,b'5'
b'1',b'MYHABIT',2011-07-20,b'5'
b'1',b'WHISPERCAST',2011-05-05,b'5'
b'1',b'GAMECIRCLE',2010-12-22,b'5'
b'1',b'JUNGLEE',2010-11-29,b'5'
b'1',b'WHISPERSYNC',2009-01-15,b'5'
b'1',b'CLOUDFRONT',2008-09-15,b'5'
b'1',b'IMPACT COMPUTING',2019-08-09,b'5'
b'1',b'BOX FORT STUDIOS',2019-08-05,b'5'
b'1',b'AMAZON ALEXA',2019-08-05,b'5'
b'1',b'AMAZON RE:MARS',2019-07-17,b'5'
b'1',b'ENTERTAINMENT ON DRAFT',2019-06-28,b'5'
b'1',b'NIMBLE STUDIO',2019-06-26,b'5'
b'1',b'NIMBLE COLLECTIVE',2019-06-26,b'5'
b'1',b'AMAZON TEXTRACT',2019-06-25,b'5'
b'1',b'Amazon Adcon',2019-06-14,b'5'
b'1',b'THE SLUMBER PROJECT',2019-06-11,b'5'
b'1',b'LEATHER ARCHITECT',2019-06-11,b'5'
b'1',b'ALEXA BUILT-IN',2019-05-21,b'5'
b'1',b'FBA',2019-05-14,b'5'
b'1',b'MOVIAN',2019-05-13,b'5'
b'1',b'movian',2019-05-13,b'5'
b'1',b'ALKOVE',2019-05-03,b'5'
b'1',b'Alkove',2019-05-03,b'5'
b'1',b'TOO OLD TO DIE YOUNG',2019-05-02,b'5'
b'1',b'CLOUDENDURE',2019-05-02,b'5'
b'1',b'FIND. BY AMAZON',2019-04-23,b'5'
b'1',b'find amazon',2019-04-22,b'5'
b'1',b'AWS DEEPRACER LEAGUE',2019-04-16,b'5'
b'1',b'AWS DATASYNC',2019-04-16,b'5'
b'1',b'AWS DEEPRACER',2019-04-16,b'5'
b'1',b'AWS ROBOMAKER',2019-04-16,b'5'
b'1',b'CORRETTO',2019-04-16,b'5'
b'1',b'FIND.',2019-04-16,b'5'
b'1',b'AWS OUTPOSTS',2019-04-16,b'5'
b'1',b'AWS GRAVITON',2019-04-16,b'5'
b'1',b'FIRECRACKER',2019-04-16,b'5'
b'1',"b'ALEXA, WHERES MY STUFF?'",2019-04-15,b'5'
b'1',b'AMAZON WORKLINK',2019-04-15,b'5'
b'1',b'find.',2019-04-15,b'5'
b'1',b'aws robomaker',2019-04-11,b'5'
b'1',b'aws control tower',2019-04-02,b'5'
b'1',b'AWS CONTROL TOWER',2019-04-01,b'5'
b'1',b'neo',2019-03-29,b'5'
b'1',b'NEO',2019-03-28,b'5'
b'1',b'AWS INFERENTIA',2019-03-27,b'5'
b'1',b'qldb',2019-03-27,b'5'
b'1',b'QLDB',2019-03-26,b'5'
b'1',b'AWS IS HOW',2019-03-26,b'5'
b'1',b'elastic beanstalk',2019-03-22,b'5'
b'1',b'RING HALO',2019-03-21,b'5'
b'1',b'ELASTIC BEANSTALK',2019-03-21,b'5'
b'1',b'RING NET',2019-03-20,b'5'
b'1',b'BELEI',2019-03-20,b'5'
b'1',b'BE',2019-03-20,b'5'
b'1',b'FO',2019-03-19,b'5'
b'1',b'ECHO INPUT',2019-03-19,b'5'
b'1',b'ECHO LINK',2019-03-19,b'5'
b'1',b'ECHO SUB',2019-03-19,b'5'
b'1',b'ECHO AUTO',2019-03-19,b'5'
b'1',b'f',2019-03-18,b'5'
b'1',b'FRUSTRATION FREE SETUP',2019-03-15,b'5'
b'1',b'echo link',2019-03-14,b'5'
b'1',b'BUG DIARIES',2019-03-14,b'5'
b'1',b'COSTUME QUEST',2019-03-11,b'5'
b'1',b'FREEDIVE',2019-03-06,b'5'
b'1',b'RE:INVENT',2019-03-05,b'5'
b'1',b're:invent invent',2019-03-04,b'5'
b'1',b'AWS',2019-03-04,b'5'
b'1',b'LEAGUE OF OUTSTANDING KIDS LOOK',2019-02-19,b'5'
b'1',b'A VOICE IS ALL YOU NEED',2019-02-18,b'5'
b'1',b'JUST ASK',2019-02-11,b'5'
b'1',b'Ravenna home',2019-01-15,b'5'
b'1',b'RAVENNA HOME',2019-01-10,b'5'
b'1',b'S CABLE STITCH',2019-01-09,b'5'
b'1',b'LOL:LAST ONE LAUGHING',2018-12-18,b'5'
b'1',b'FIRE TV RECAST',2018-12-04,b'5'
b'1',b'LEVEL',2018-12-03,b'5'
b'1',b'THREE QUEENS BLEND',2018-11-21,b'5'
b'1',b'AMAZON PAY',2018-11-20,b'5'
b'1',b'amazon pay',2018-11-19,b'5'
b'1',b'MUSIC',2018-11-12,b'5'
b'1',b'AMAZONCROSSING',2018-11-07,b'5'
b'1',b'COMIXOLOGY',2018-11-07,b'5'
b'1',b'AMAZONENCORE',2018-11-07,b'5'
b'1',b'RING BEAMS',2018-11-06,b'5'
b'1',b'jet city',2018-11-05,b'5'
b'1',b'amazonencore amazon encore',2018-11-05,b'5'
b'1',b'47north north',2018-11-05,b'5'
b'1',b'thomas & mercer',2018-11-05,b'5'
b'1',b'two lions',2018-11-05,b'5'
b'1',b'amazoncrossing amazon crossing',2018-11-05,b'5'
b'1',b'netbright bright',2018-10-31,b'5'
b'1',b'NETBRIGHT',2018-10-31,b'5'
b'1',b'READYBRIGHT',2018-10-31,b'5'
b'1',b'MR BEAMS',2018-10-25,b'5'
b'1',b'HOUSE & SHIELDS CLOTHING COMPANY',2018-10-24,b'5'
b'1',b'ARTHUR HARVEY',2018-10-24,b'5'
b'1',b'NEIGHBORS',2018-10-19,b'5'
b'1',b'NEIGHBORS BY RING',2018-10-19,b'5'
b'1',b'GAMEON MASTERS',2018-10-19,b'5'
b'1',b'AMAZON CHIME',2018-10-12,b'5'
b'1',b'THIS GIANT BEAST THAT IS THE GLOBAL ECONOMY',2018-10-08,b'5'
b'1',b'FREE DIVE',2018-10-02,b'5'
b'1',b'REBELLION BREAD',2018-09-25,b'5'
b'1',b'Amazon',2018-09-24,b'5'
b'1',b'SWISHIP',2018-09-20,b'5'
b'1',b'AMAZON WEB SERVICES',2018-09-12,b'5'
b'1',b'FIRE TV CUBE',2018-09-12,b'5'
b'1',b'aws',2018-09-07,b'5'
b'1',b'fire tv cube',2018-09-07,b'5'
b'1',b'amazon 1-click',2018-09-05,b'5'
b'1',b'CHIME',2018-08-24,b'5'
b'1',b'AMAZON REDSHIFT SPECTRUM',2018-08-23,b'5'
b'1',b'PRIME',2018-08-23,b'5'
b'1',b'lore',2018-08-15,b'5'
b'1',b'BLAZINGTEXT',2018-08-14,b'5'
b'1',b'LORE',2018-08-14,b'5'
b'1',b'AMAZON RING',2018-08-14,b'5'
b'1',b'QUIVELA',2018-08-13,b'5'
b'1',b'FLEETIQ',2018-08-13,b'5'
b'1',b'RING',2018-08-05,b'5'
b'1',b'EAT. RACE. WIN.',2018-07-31,b'5'
b'1',b'eat race win',2018-07-31,b'5'
b'1',b'Prime',2018-07-27,b'5'
b'1',b'music',2018-07-13,b'5'
b'1',b'ALEXA ONBOARD',2018-07-09,b'5'
b'1',b'AMAZON BLINK',2018-07-09,b'5'
b'1',b'PRIME DAY',2018-07-02,b'5'
b'1',b'TASTE OF PLACE',2018-06-27,b'5'
b'1',b'TRANSPARENCY',2018-06-26,b'5'
b'1',b'HIGH FIVE FOR FARMERS',2018-06-26,b'5'
b'1',b'whole kids',2018-06-19,b'5'
b'1',b'WHOLE KIDS',2018-06-19,b'5'
b'1',b'HEALTH STARTS HERE',2018-06-19,b'5'
b'1',b'BLINK',2018-06-19,b'5'
b'1',b'health starts here',2018-06-19,b'5'
b'1',b'OH HELLO',2018-06-14,b'5'
b'1',b'GREEN MISSION',2018-06-14,b'5'
b'1',b'MERCHANT OF VINO',2018-06-14,b'5'
b'1',b'CANDY ISLAND',2018-06-14,b'5'
b'1',b'FOOD FROM A HAPPY PLACE',2018-06-14,b'5'
b'1',b'LOVE WHERE YOU SHOP',2018-06-14,b'5'
b'1',b'BREAD & CIRCUS',2018-06-13,b'5'
b'1',b'HANDCRAFTED COFFEE',2018-06-13,b'5'
b'1',b'SUSTAINABLY DELICIOUS',2018-06-13,b'5'
b'1',b'HERBAL REGULARITY',2018-06-11,b'5'
b'1',b'THINK SMART',2018-06-11,b'5'
b'1',b'STARKEY SPRING WATER',2018-06-11,b'5'
b'1',b'CELEBRATION CAFFE',2018-06-11,b'5'
b'1',b'QUACK\xe2\x80\x99N BITES',2018-06-11,b'5'
b'1',b'ESPRESSO BEL CANTO',2018-06-11,b'5'
b'1',b'WHOLEZYME',2018-06-11,b'5'
b'1',b'WELLSPRING',2018-06-11,b'5'
b'1',b'IMMUNE WISE',2018-06-11,b'5'
b'1',b'DEEP DOWN GOOD',2018-06-11,b'5'
b'1',b'SEEDUCTION',2018-06-11,b'5'
b'1',b'FROM SEED TO CUP',2018-06-11,b'5'
b'1',b'WHOLEMEND',2018-06-11,b'5'
b'1',b'CREATURE CRACKERS',2018-06-11,b'5'
b'1',b'CAFFEINATE YOUR CONSCIENCE',2018-06-11,b'5'
b'1',b'FIT STICKS',2018-06-11,b'5'
b'1',b'T Transparency',2018-06-08,b'5'
b'1',b'lark & ro',2018-06-07,b'5'
b'1',b'AMAZON ECS',2018-05-28,b'5'
b'1',b'K AMAZON EKS',2018-05-28,b'5'
b'1',b'AMAZON SAGEMAKER',2018-05-28,b'5'
b'1',b'AMAZON GUARDDUTY',2018-05-28,b'5'
b'1',b'FREERTOS',2018-05-25,b'5'
b'1',b'AWS FARGATE',2018-05-25,b'5'
b'1',b'SUMERIAN',2018-05-25,b'5'
b'1',b'AMAZON SUMERIAN',2018-05-25,b'5'
b'1',b'AMAZON FREERTOS',2018-05-25,b'5'
b'1',b'amazon sagemaker',2018-05-24,b'5'
b'1',b'aws fargate',2018-05-24,b'5'
b'1',b'k amazon eks',2018-05-24,b'5'
b'1',b'amazon guardduty',2018-05-24,b'5'
b'1',b'AMAZONTUBE',2018-05-24,b'5'
b'1',b'OPENTUBE',2018-05-24,b'5'
b'1',b'amazon ecs',2018-05-24,b'5'
b'1',b'freertos',2018-05-24,b'5'
b'1',b'amazon freertos',2018-05-24,b'5'
b'1',b'K Amazon EKS',2018-05-24,b'5'
b'1',b'Amazon ECS',2018-05-24,b'5'
b'1',b'AMAZON EKS',2018-05-24,b'5'
b'1',b'sumerian',2018-05-21,b'5'
b'1',b'amazon sumerian',2018-05-18,b'5'
b'1',b'AWS DeepLens',2018-05-18,b'5'
b'1',b'AWS DEEPLENS',2018-05-18,b'5'
b'1',b'AMAZON NEPTUNE',2018-05-17,b'5'
b'1',b'amazon neptune',2018-05-17,b'5'
b'1',b'aws deeplens',2018-05-16,b'5'
b'1',b'SUITE ALICE',2018-05-08,b'5'
b'1',b'DAYANA',2018-05-03,b'5'
b'1',b'AMAZON WORKSPACES',2018-04-26,b'5'
b'1',b'amazon WorkSpaces',2018-04-26,b'5'
b'1',b'amazon workspaces work spaces',2018-04-25,b'5'
b'1',b'RING FLOODLIGHT CAM',2018-04-24,b'5'
b'1',b'DEEPLENS',2018-04-23,b'5'
b'1',b'ISLE BAY LINENS',2018-04-17,b'5'
b'1',b'SOCIAL GRACES',2018-04-17,b'5'
b'1',b'PLUMBERRY',2018-04-17,b'5'
b'1',b'WOOD PAPER COMPANY',2018-04-17,b'5'
b'1',b'AMAZON CLOUD CAM',2018-04-16,b'5'
b'1',b'ALEXA GADGETS',2018-04-13,b'5'
b'1',b'THE SOUNDBOARD',2018-04-09,b'5'
b'1',b'AMAZON FUSE',2018-04-08,b'5'
b'1',b'A FOR AWESOME',2018-04-05,b'5'
b'1',b'OBSIDIAN',2018-04-03,b'5'
b'1',b'DAISY DRIVE',2018-04-03,b'5'
b'1',b'FLYING ACE',2018-04-03,b'5'
b'1',b'PAINTED HEART',2018-04-03,b'5'
b'1',b'prime video',2018-04-01,b'5'
b'1',b'A & Design',2018-03-27,b'5'
b'1',b'ALLEGRO TEA',2018-03-27,b'5'
b'1',b'WHOLE FOODS MARKET 365',2018-03-27,b'5'
b'1',b'WHOLE TRADE GUARANTEE',2018-03-27,b'5'
b'1',b'WHOLE FOODS MARKET',2018-03-22,b'5'
b'1',b'WHOLE PAWS',2018-03-22,b'5'
b'1',b'WHOLE CATCH',2018-03-22,b'5'
b'1',b'365 EVERYDAY VALUE',2018-03-22,b'5'
b'1',b'365',2018-03-22,b'5'
b'1',b'AMAZON GAMEON',2018-03-22,b'5'
b'1',b'ECHO CONNECT',2018-03-22,b'5'
b'1',b'echo connect',2018-03-21,b'5'
b'1',b'amazon gameon',2018-03-20,b'5'
b'1',b'prime & Device',2018-03-19,b'5'
b'1',b'ECHO SPOT',2018-03-19,b'5'
b'1',b'ECHO PLUS',2018-03-18,b'5'
b'1',b'whole paws',2018-03-16,b'5'
b'1',b'whole foods market',2018-03-16,b'5'
b'1',b'365 everyday value',2018-03-16,b'5'
b'1',b'whole catch',2018-03-16,b'5'
b'1',b'FRESH FIELDS',2018-03-14,b'5'
b'1',b'FIERCELY ADORABLE',2018-03-12,b'5'
b'1',b'MAMA BEAR FIERCELY ADORABLE',2018-03-12,b'5'
b'1',b'SOMMELIER BEST IN CLASS & Design',2018-03-12,b'5'
b'1',b'mama bear fiercely adorable',2018-03-08,b'5'
b'1',b'NINJA SQUIRREL',2018-03-07,b'5'
b'1',b'GAMESPARKS',2018-03-06,b'5'
b'1',b'Il marchio consiste nella parola di fantasia GAMESPARKS preceduto da una figura di una G intersecata da una rappresentazione stilizzata',2018-03-05,b'5'
b'1',b'FUSE',2018-03-02,b'5'
b'1',b'g gamesparks game sparks',2018-03-02,b'5'
b'1',b'gamesparks game sparks',2018-03-02,b'5'
b'1',b'GS GAMESPARKS',2018-03-02,b'5'
b'1',b'PRIME VIDEO',2018-02-28,b'5'
b'1',b'amazon fuse',2018-02-23,b'5'
b'1',b'alexa gadgets',2018-02-21,b'5'
b'1',b'AMAZON MOBILE MASTERS',2018-02-13,b'5'
b'1',b'MOBILE MASTERS',2018-02-13,b'5'
b'1',b's',2018-02-01,b'5'
b'1',b'TEXTURES & HUES',2018-02-01,b'5'
b'1',b'amazon blink',2018-02-01,b'5'
b'1',b'S',2018-02-01,b'5'
b'1',b'SMILECODE',2018-01-30,b'5'
b'1',b'SPARK',2018-01-23,b'5'
b'1',b'AMAZON SPARK',2018-01-23,b'5'
b'1',b'spark',2018-01-23,b'5'
b'1',b'DOWNLOAD DAY',2018-01-18,b'5'
b'1',b'daily ritual',2018-01-16,b'5'
b'1',b'DAILY RITUAL',2018-01-15,b'5'
b'1',b'Echo stylised',2018-01-11,b'5'
b'1',b'ZWEIERKETTE',2018-01-05,b'5'
b'1',b'TREASURE TRUCK',2018-01-04,b'5'
b'1',b'AMAZON MACIE',2017-12-20,b'5'
b'1',b'AMAZONBASICS',2017-12-20,b'5'
b'1',b'allegro',2017-12-18,b'5'
b'1',b'echo',2017-12-18,b'5'
b'1',b'ALLEGRO',2017-12-18,b'5'
b'1',b'WF',2017-12-18,b'5'
b'1',b'WHOLE TRADE',2017-12-18,b'5'
b'1',b'WFM',2017-12-18,b'5'
b'1',b'WHOLE FOODS',2017-12-18,b'5'
b'1',b'W FM',2017-12-18,b'5'
b'1',b'RING SPOTLIGHT',2017-12-15,b'5'
b'1',b'whole trade guarantee',2017-12-13,b'5'
b'1',b'gamecircle game',2017-12-13,b'5'
b'1',b'amazon macie',2017-12-13,b'5'
b'1',b'wf',2017-12-13,b'5'
b'1',b'whole trade',2017-12-13,b'5'
b'1',b'whole foods',2017-12-13,b'5'
b'1',b'AMAZON SOLAR FARM',2017-12-08,b'5'
b'1',b'AMAZON WIND FARM',2017-12-08,b'5'
b'1',b'\xd8\xa8\xd8\xb1\xd8\xa7\xd9\x8a\xd9\x85',2017-12-07,b'5'
b'1',b'REPLENISH',2017-12-04,b'5'
b'1',b'WE DO THE PREP. YOU BE THE CHEF.',2017-11-29,b'5'
b'1',b'AWS AMPLIFY',2017-11-21,b'5'
b'1',b'SKATE CREEK',2017-11-14,b'5'
b'1',b'skate creek',2017-11-13,b'5'
b'1',b'ISLE BAY',2017-11-10,b'5'
b'1',b'THE IRON KEEL',2017-11-10,b'5'
b'1',b'AMAZON GAMELIFT',2017-11-07,b'5'
b'1',b'amazon gamelift',2017-11-06,b'5'
b'1',b'mascot',2017-10-26,b'5'
b'1',b'MASCOT',2017-10-26,b'5'
b'1',b'LOVEFILM',2017-10-17,b'5'
b'1',b'love your look every day',2017-10-12,b'5'
b'1',b'WHEREVER YOUR STORY TAKES YOU',2017-10-11,b'5'
b'1',b'LOVE YOUR LOOK. EVERY DAY.',2017-10-11,b'5'
b'1',b'WE PREP. YOU COOK.',2017-10-10,b'5'
b'1',b'REDWAGON',2017-10-09,b'5'
b'1',b'iris lilly',2017-10-09,b'5'
b'1',b'SOME EAT TO LIVE WE LIVE TO EAT',2017-10-06,b'5'
b'1',b'SERIOUSLY TASTY',2017-10-06,b'5'
b'1',b'FIND',2017-10-03,b'5'
b'1',b'aws snowmobile',2017-09-26,b'5'
b'1',b'amazon lightsail',2017-09-26,b'5'
b'1',b'CHALICE',2017-09-25,b'5'
b'1',b'ring',2017-09-21,b'5'
b'1',b'amazon web services',2017-09-06,b'5'
b'1',b'DINNER FOR 2 IN ABOUT 30 MINUTES Design',2017-09-01,b'5'
b'1',b'DINNER FOR 2 IN ABOUT 30 MINUTES',2017-09-01,b'5'
b'1',b'AWS ELEMENTAL',2017-08-24,b'5'
b'1',b'AMAZON CONNECT',2017-08-11,b'5'
b'1',b'amazon redshift spectrum',2017-08-10,b'5'
b'1',b'ECHO SHOW',2017-08-02,b'5'
b'1',b'amazon chime',2017-07-31,b'5'
b'1',b'SOAP.COM',2017-07-31,b'5'
b'1',b'blue shade',2017-07-27,b'5'
b'1',b'amazon asap',2017-07-27,b'5'
b'1',b'dpreview',2017-07-27,b'5'
b'1',b'nupro',2017-07-27,b'5'
b'1',b'voiceview voice view',2017-07-27,b'5'
b'1',b'made for amazon',2017-07-27,b'5'
b'1',b'asap',2017-07-27,b'5'
b'1',b'ECHO LOOK',2017-07-27,b'5'
b'1',b'freetime free time',2017-07-27,b'5'
b'1',b'echo look',2017-07-27,b'5'
b'1',b'ALWAYS HOME',2017-07-16,b'5'
b'1',b'STICK UP CAM',2017-07-16,b'5'
b'1',b'AWS SERVE',2017-07-05,b'5'
b'1',b'BOOST WITH FBA',2017-06-28,b'5'
b'1',b'skip trip',2017-06-20,b'5'
b'1',b'little a',2017-06-20,b'5'
b'1',b'comixology',2017-06-20,b'5'
b'1',b'prime air',2017-06-20,b'5'
b'1',b'kindle matchbook',2017-06-20,b'5'
b'1',b'kindle cloud reader',2017-06-20,b'5'
b'1',b'1-click',2017-06-20,b'5'
b'1',b'fulfillment amazon',2017-06-20,b'5'
b'1',b'fba',2017-06-20,b'5'
b'1',b'x-ray',2017-06-20,b'5'
b'1',b'amazon',2017-06-20,b'5'
b'1',b'WHAT YOU EAT MATTERS',2017-06-20,b'5'
b'1',b'WORKS WITH amazon alexa',2017-06-19,b'5'
b'1',b'WORKS WITH Amazon alexa',2017-06-19,b'5'
b'1',b'amazon alexa works with',2017-06-19,b'5'
b'1',b'work with amazon alexa',2017-06-16,b'5'
b'1',b'WORKS WITH AMAZON ALEXA',2017-06-16,b'5'
b'1',b'AMAZON GLACIER',2017-06-16,b'5'
b'1',b'T TRANSPARENCY',2017-06-14,b'5'
b'1',b'anime strike',2017-06-13,b'5'
b'1',b'heera',2017-06-13,b'5'
b'1',b'ANIME STRIKE',2017-06-13,b'5'
b'1',b'HEERA',2017-06-13,b'5'
b'1',b'Heera',2017-06-12,b'5'
b'1',b'KINDLE PAPERWHITE',2017-06-01,b'5'
b'1',b'AMAZON DASH REPLENISHMENT',2017-05-31,b'5'
b'1',b'amazon dash',2017-05-31,b'5'
b'1',b'amazon dash replenishment',2017-05-30,b'5'
b'1',b'FREETIME',2017-05-24,b'5'
b'1',b'amazonfresh amazon',2017-05-23,b'5'
b'1',b'kindle paperwhite',2017-05-23,b'5'
b'1',b'prime day',2017-05-23,b'5'
b'1',b'prime family',2017-05-23,b'5'
b'1',b'AMAZON LEX',2017-05-18,b'5'
b'1',b'amazon lex',2017-05-17,b'5'
b'1',b'CAGE-FREE PLUS & Design',2017-05-17,b'5'
b'1',b'MOBILE HOUSES ON PASTURE & Design',2017-05-17,b'5'
b'1',b'OUTDOOR ACCESS & Design',2017-05-17,b'5'
b'1',b'amazon dynamodb accelerator',2017-05-16,b'5'
b'1',b'AMAZON DYNAMODB ACCELERATOR',2017-05-16,b'5'
b'1',b'\xd8\xa7\xd9\x85\xd8\xa7\xd8\xb2\xd9\x88\xd9\x86 AMAZON',2017-05-16,b'5'
b'1',b'AMAZON GO',2017-05-15,b'5'
b'1',b'aws greengrass',2017-05-12,b'5'
b'1',b'amazon polly',2017-05-12,b'5'
b'1',b'REKOGNITION',2017-05-12,b'5'
b'1',b'AMAZON POLLY',2017-05-12,b'5'
b'1',b'AWS SNOWMOBILE',2017-05-12,b'5'
b'1',b'AWS GREENGRASS',2017-05-12,b'5'
b'1',b'AMAZON REKOGNITION',2017-05-10,b'5'
b'1',b'ARABELLA & Design',2017-05-10,b'5'
b'1',b'EVERY LINE IS A DEFECT',2017-05-10,b'5'
b'1',b'REDEFINING FAST',2017-05-10,b'5'
b'1',b'AMAZON LIGHTSAIL',2017-05-10,b'5'
b'1',b'rekognition',2017-05-09,b'5'
b'1',b'amazon rekognition',2017-05-09,b'5'
b'1',b'amazon go',2017-05-09,b'5'
b'1',b'sing my song',2017-05-08,b'5'
b'1',b'SING MY SONG',2017-05-08,b'5'
b'1',b'\xd8\xa3\xd9\x85\xd8\xa7\xd8\xb2\xd9\x88\xd9\x86',2017-05-07,b'5'
b'1',b'PRIME SURPRISE',2017-05-03,b'5'
b'1',b'TRUEMESH',2017-04-27,b'5'
b'1',b'wickedlyprime wickedly prime',2017-04-26,b'5'
b'1',b'WICKEDLYPRIME',2017-04-26,b'5'
b'1',b'wickedlyprime',2017-04-26,b'5'
b'1',b'WICKEDLY PRIME',2017-04-25,b'5'
b'1',b'WICKEDLY Y PRIME',2017-04-25,b'5'
b'1',b'i love dick',2017-04-21,b'5'
b'1',b'I LOVE DICK',2017-04-21,b'5'
b'1',b'aws codestar',2017-04-20,b'5'
b'1',b'marvelous mrs.maisel',2017-04-19,b'5'
b'1',b'THE MARVELOUS MRS. MAISEL',2017-04-19,b'5'
b'1',b'LOVE YOUR LINEUP',2017-04-19,b'5'
b'1',b'AWS CODESTAR',2017-04-19,b'5'
b'1',b'find',2017-04-11,b'5'
b'1',b'\xd8\xa3\xd9\x85\xd8\xa7\xd8\xb2\xd9\x88\xd9\x86 \xd8\xaf\xd8\xa7\xd8\xb4',2017-04-11,b'5'
b'1',b'\xd8\xb1\xd8\xb3\xd9\x85',2017-04-10,b'5'
b'1',b'FIND. Stylized',2017-04-10,b'5'
b'1',b'family vault',2017-04-05,b'5'
b'1',b'FAMILY VAULT',2017-04-04,b'5'
b'1',b'amazon connect',2017-03-28,b'5'
b'1',b'alexa prize',2017-03-23,b'5'
b'1',b'prime reading',2017-03-22,b'5'
b'1',b'ALEXA PRIZE',2017-03-22,b'5'
b'1',b'PRIME READING',2017-03-21,b'5'
b'1',b'transparency',2017-03-08,b'5'
b'1',b'...',2017-02-27,b'5'
b'1',b'\xd8\xb1\xd8\xb3\xd9\x85 \xd8\xa3\xd9\x84\xd9\x8a\xd9\x83\xd8\xb3\xd8\xa7',2017-02-26,b'5'
b'1',b'KINDLE READING FUND',2017-02-16,b'5'
b'1',b'BETTER WITH PRIME',2017-02-02,b'5'
b'1',b'better with prime',2017-01-31,b'5'
b'1',b'WE BELIEVE IN REAL FOOD',2017-01-31,b'5'
b'1',b'\xd8\xa3\xd9\x84\xd9\x8a\xd9\x83\xd8\xb3\xd8\xa7',2017-01-29,b'5'
b'1',b'G T GOODTHREADS',2017-01-27,b'5'
b'1',b'G T',2017-01-27,b'5'
b'1',b'AMAZON PRIME VIDEO',2017-01-19,b'5'
b'1',b'\xd9\x81\xd8\xa7\xd9\x8a\xd8\xb1',2017-01-09,b'5'
b'1',b'MOZART IN THE JUNGLE',2017-01-09,b'5'
b'1',b'\xd8\xaf\xd8\xa7\xd8\xb4',2017-01-05,b'5'
b'1',b'Smile Logo',2017-01-04,b'5'
b'1',b'dash',2017-01-03,b'5'
b'1',b'IMMUNE REFRESHER',2016-12-21,b'5'
b'1',"b'HOP, SKIM AND JUMP'",2016-12-20,b'5'
b'1',b'prime surprise',2016-12-16,b'5'
b'1',b'amazon prime video',2016-12-14,b'5'
b'1',b'Prime Surprise',2016-12-14,b'5'
b'1',b'ALWAYS DELICIOUS. ALWAYS UNIQUE. ANYTIME YOU WANT',2016-12-14,b'5'
b'1',b'START WITH A SMILE',2016-12-12,b'5'
b'1',b'DEALS ARE EVERYWHERE',2016-12-09,b'5'
b'1',b'Transparency',2016-12-08,b'5'
b'1',"b'No Lines. No Checkout. No, Seriously.'",2016-12-06,b'5'
b'1',b'GOOD FOOD FAST',2016-12-05,b'5'
b'1',"b'NO LINES, NO CHECKOUT. NO, SERIOUSLY.'",2016-12-05,b'5'
b'1',b'LITTLE BIG AWESOME',2016-11-24,b'5'
b'1',b'SIGMUND AND THE SEA MONSTERS',2016-11-22,b'5'
b'1',b'amazon elements',2016-11-18,b'5'
b'1',b'a',2016-11-18,b'5'
b'1',b'LEMON LABEL PAPER SUPPLY',2016-11-10,b'5'
b'1',b'FIND. BY AMAZON FASHION',2016-11-09,b'5'
b'1',b'TINTE & FEDER',2016-10-28,b'5'
b'1',b'KINDLE FREETIME Logo',2016-10-28,b'5'
b'1',b'PRIME GT',2016-10-21,b'5'
b'1',b'WOODPECKER',2016-10-21,b'5'
b'1',b'THROWDOWN THURSDAY',2016-10-20,b'5'
b'1',b'INTERNET OF USEFUL THINGS',2016-10-13,b'5'
b'1',b'AMAZONFRESH',2016-10-10,b'5'
b'1',b'TREASURE TRUCK WHATS ON THE TRUCK TODAY?',2016-10-04,b'5'
b'1',b'TREASURE TRUCK WHATS ON THE TRUCK TODAY',2016-10-03,b'5'
b'1',b'TREASURE TRUCK WHAT?S ON THE TRUCK TODAY',2016-10-03,b'5'
b'1',b'TREASURE TRUCK WHAT\xc3\x82\xc2\xb4S ON THE TRUCK TODAY',2016-10-03,b'5'
b'1',b'WHOLE FOODS MARKET FIT & Design',2016-09-29,b'5'
b'1',b'Smile with Tongue Design black',2016-09-22,b'5'
b'1',b'Smile with Tongue Design color',2016-09-22,b'5'
b'1',b'wickedly prime',2016-09-09,b'5'
b'1',b'AMAZON TAP',2016-09-02,b'5'
b'1',b'amazon tap',2016-09-01,b'5'
b'1',b'AMAZON ECHO DOT',2016-09-01,b'5'
b'1',b'amazon echo dot',2016-08-30,b'5'
b'1',b'STYLE CODE LIVE',2016-08-25,b'5'
b'1',b'ECHO DOT',2016-08-24,b'5'
b'1',b'echo dot',2016-08-24,b'5'
b'1',b'amazon prime',2016-08-15,b'5'
b'1',b'primenow prime now',2016-08-15,b'5'
b'1',b'SCOUT + RO',2016-08-10,b'5'
b'1',b'AMAZON STORYWRITER',2016-08-08,b'5'
b'1',b'WISHENPOOF',2016-07-29,b'5'
b'1',b'EAT REAL FOOD',2016-07-27,b'5'
b'1',b'THE STINKY & DIRTY SHOW',2016-07-27,b'5'
b'1',b'CREATIVE GALAXY',2016-07-26,b'5'
b'1',b'TUMBLE LEAF',2016-07-26,b'5'
b'1',b'AMAZONFRESH SINGLE COW BURGER',2016-07-15,b'5'
b'1',b'SINGLE COW BURGER',2016-07-15,b'5'
b'1',b'GORTIMER GIBBONS LIFE ON NORMAL STREET',2016-07-15,b'5'
b'1',b'HAPPY BELLY',2016-07-14,b'5'
b'1',b'HAPPY BELLY Stylized Word & Design Horizontal - White',2016-07-13,b'5'
b'1',b'Z: THE BEGINNING OF EVERYTHING',2016-06-27,b'5'
b'1',b'HIGHSTON',2016-06-27,b'5'
b'1',b'MAMA BEAR Stylized Word & Design StckdBearStckdWords',2016-06-13,b'5'
b'1',b'mama bear',2016-06-13,b'5'
b'1',b'BLUE SHADE',2016-06-06,b'5'
b'1',b'AWS GOLDBASE',2016-06-02,b'5'
b'1',b'WICKEDLY PRIME & Design',2016-05-17,b'5'
b'1',b'MAMA BEAR Stylized Word & Design LtlStckdBearSide',2016-05-16,b'5'
b'1',b'MAMA BEAR Stylized Word & Design SideBearOver',2016-05-16,b'5'
b'1',b'MAMA BEAR Stylized Word & Design StckdBearSide',2016-05-16,b'5'
b'1',b'HAPPY BELLY Stylized Word & Design Black',2016-05-16,b'5'
b'1',b'WiCKEDLY Prime',2016-05-16,b'5'
b'1',b'AMAZON VIDEO DIRECT',2016-05-10,b'5'
b'1',b'KINDLE SCOUT',2016-05-09,b'5'
b'1',b'GEPPETTO',2016-05-05,b'5'
b'1',b'GRIDMATE',2016-05-05,b'5'
b'1',b'KINDLE OASIS',2016-04-15,b'5'
b'1',b'OASIS',2016-04-15,b'5'
b'1',b'oasis',2016-04-13,b'5'
b'1',b'kindle oasis',2016-04-13,b'5'
b'1',b'DANGER & EGGS',2016-04-07,b'5'
b'1',b'IF YOU GIVE A MOUSE A COOKIE',2016-04-07,b'5'
b'1',b'NIKO AND THE SWORD OF LIGHT',2016-04-07,b'5'
b'1',b'WHOLE BODY & Leafy Stem Logo',2016-04-07,b'5'
b'1',b'SNOWBALL',2016-04-06,b'5'
b'1',b'FIN & PEARL',2016-04-01,b'5'
b'1',b'VOICEVIEW',2016-03-09,b'5'
b'1',b'ON DECK',2016-03-09,b'5'
b'1',b'WORD RUNNER',2016-03-09,b'5'
b'1',b'AMAZON ENGLISH',2016-02-26,b'5'
b'1',b'amazonEnglish',2016-02-26,b'5'
b'1',b'AMAZON ENGLISH & Design',2016-02-26,b'5'
b'1',b'LUMBERYARD',2016-02-12,b'5'
b'1',b'SNEAKY PETE',2016-02-03,b'5'
b'1',b'FRIENDS OF 365',2016-02-01,b'5'
b'1',b'AMAZON UNDERGROUND',2016-01-17,b'5'
b'1',b'lovefilm',2016-01-12,b'5'
b'1',b'CHI-RAQ',2016-01-07,b'5'
b'1',b'DAS GEHEIMNISVOLLE KOCHBUCH',2015-12-30,b'5'
b'1',b'SKIP THE TRIP',2015-12-29,b'5'
b'1',b'X-RAY',2015-12-29,b'5'
b'1',b'ALEXA FUND',2015-12-26,b'5'
b'1',b'\xd8\xae\xd8\xb5\xd9\x88\xd9\x85\xd8\xa7\xd8\xaa \xd8\xa7\xd9\x84\xd8\xac\xd9\x85\xd8\xb9\xd9\x87 \xd8\xa7\xd9\x84\xd8\xa8\xd9\x8a\xd8\xb6\xd8\xa7\xd8\xa1',2015-12-15,b'5'
b'1',b'365 EVERYDAY VALUES',2015-12-11,b'5'
b'1',b'365 BY WHOLE FOODS MARKET',2015-12-11,b'5'
b'1',b'STARKEY SPRING WATER & Design',2015-11-19,b'5'
b'1',b'VOX',2015-11-17,b'5'
b'1',b'annapurnalabs',2015-11-13,b'5'
b'1',b'ANNAPURNALABS',2015-11-10,b'5'
b'1',b'AMAZON KINESIS',2015-10-26,b'5'
b'1',b'BLOOM STREET',2015-10-22,b'5'
b'1',b'EVERSTAR',2015-10-19,b'5'
b'1',b'THE NUMBERLYS',2015-10-17,b'5'
b'1',b'YOYOTOKI HAPPYEARS!',2015-10-16,b'5'
b'1',b'EDDIE OF THE REALMS ETERNAL',2015-10-16,b'5'
b'1',b'\xd8\xb3\xd9\x88\xd9\x82',2015-10-13,b'5'
b'1',b'EERO',2015-09-30,b'5'
b'1',b'AWS RE:INVENT',2015-09-09,b'5'
b'1',b'AWS re:Invent Stylized',2015-09-09,b'5'
b'1',b'DASH REPLENISHMENT',2015-09-09,b'5'
b'1',b'AWS re:Invent',2015-09-09,b'5'
b'1',b'DASH REPLENISHMENT logo',2015-09-02,b'5'
b'1',b'THIRTY FIVE KENT',2015-08-28,b'5'
b'1',b'Leafy O Logo',2015-08-20,b'5'
b'1',b'SOCIETY NEW YORK',2015-08-17,b'5'
b'1',b'FRANKLIN & FREEMAN',2015-08-17,b'5'
b'1',b'CONCRETE NEW YORK',2015-08-14,b'5'
b'1',b'FRANKLIN TAILORED',2015-08-14,b'5'
b'1',b'KANSAS CITY LOVE',2015-08-10,b'5'
b'1',b'TEXAS TRUE',2015-08-10,b'5'
b'1',b'MEMPHIS MADNESS',2015-08-10,b'5'
b'1',b'GLAMAZON',2015-07-19,b'5'
b'1',b'LARK & RO',2015-07-09,b'5'
b'1',b'PRIME FAMILY',2015-07-03,b'5'
b'1',b'GUIDED VIEW',2015-06-26,b'5'
b'1',b'PRIME INSTANT VIDEO',2015-06-10,b'5'
b'1',b'PRIMENOW',2015-06-10,b'5'
b'1',b'AMAZON AURORA',2015-05-05,b'5'
b'1',b'amazon KIRANANOW',2015-05-05,b'5'
b'1',b'AMAZON KIRANANOW',2015-05-05,b'5'
b'1',b'KIRANANOW',2015-05-05,b'5'
b'1',b'amazon aurora',2015-04-29,b'5'
b'1',b'WRITE ON BY KINDLE',2015-04-23,b'5'
b'1',b'AMAZON BASICS',2015-04-14,b'5'
b'1',b'LARK&RO',2015-04-13,b'5'
b'1',b'amazon echo',2015-03-31,b'5'
b'1',b'the man in the high castle',2015-03-28,b'5'
b'1',b'mad dogs',2015-03-28,b'5'
b'1',b'the stinky & dirty show',2015-03-28,b'5'
b'1',b'just add magic',2015-03-28,b'5'
b'1',b'JUST ADD MAGIC',2015-03-27,b'5'
b'1',b'THE MAN IN THE HIGH CASTLE',2015-03-27,b'5'
b'1',b'MAD DOGS',2015-03-27,b'5'
b'1',b'1-CLIC',2015-03-27,b'5'
b'1',b'THE KICKS',2015-03-20,b'5'
b'1',b'LILY THE UNICORN',2015-03-20,b'5'
b'1',b'AWS CLOUDTRAIL',2015-03-10,b'5'
b'1',b'SCOUT+RO',2015-03-09,b'5'
b'1',b'LOST WITHIN',2015-03-06,b'5'
b'1',b'NORTH ELEVEN',2015-03-03,b'5'
b'1',b'JAMES ERIN',2015-03-03,b'5'
b'1',b'PINZON',2015-02-11,b'5'
b'1',b'AMAZON LOCAL REGISTER',2015-02-04,b'5'
b'1',b'KINDLE UNLIMITED',2015-01-27,b'5'
b'1',b'AMAZON GAME STUDIOS',2015-01-27,b'5'
b'1',b'amazon game studios',2015-01-27,b'5'
b'1',b'AMAZON GAME STUDIOS & Design',2015-01-23,b'5'
b'1',b'HAND OF GOD',2015-01-20,b'5'
b'1',b'RED OAKS',2015-01-20,b'5'
b'1',b'HEALTH STARTS HERE & Design Round Logo',2015-01-12,b'5'
b'1',b'SCHEMA-LIFT',2015-01-05,b'5'
b'1',b'WHOLE FOODS MARKET RESPONSIBLY FARMED',2014-12-19,b'5'
b'1',b'WHOLE FOODS MARKET RESPONSIBLY GROWN',2014-12-19,b'5'
b'1',b'WHOLE FOODS MARKET RESPONSIBLY RAISED',2014-12-19,b'5'
b'1',b'WHOLE FOODS MARKET RESPONSIBLY GROWN & Design',2014-12-19,b'5'
b'1',b'WHOLE FOODS MARKET RESPONSIBLY RAISED & Design',2014-12-19,b'5'
b'1',b'amazon zocalo',2014-11-21,b'5'
b'1',b'AMAZON ZOCALO',2014-11-21,b'5'
b'1',b'WHOLE FOODS MARKET BREWING COMPANY',2014-11-20,b'5'
b'1',b'A and Smile Design',2014-11-07,b'5'
b'1',b'Smile Design',2014-11-07,b'5'
b'1',b'AMAZON & Mobile Shopping Cart Design',2014-10-27,b'5'
b'1',b'AMAZON FASHION',2014-10-22,b'5'
b'1',b'TIL MORNINGS LIGHT',2014-10-15,b'5'
b'1',b'THE UNMAKING',2014-10-15,b'5'
b'1',b'CREEPSTORM',2014-10-15,b'5'
b'1',b'TALES FROM DEEP SPACE',2014-10-15,b'5'
b'1',b'TIL MORNING\xc3\x82\xc2\xb4S LIGHT',2014-10-15,b'5'
b'1',b'TIL MORNING?S LIGHT',2014-10-15,b'5'
b'1',b'AMAZON APPSTREAM',2014-10-15,b'5'
b'1',b'ALPHA HOUSE',2014-10-06,b'5'
b'1',b'firefly',2014-09-30,b'5'
b'1',b'AMAZON FIREFLY',2014-09-30,b'5'
b'1',b'TRANSPARENT',2014-09-30,b'5'
b'1',b'WISHENPOOF!',2014-09-30,b'5'
b'1',b'MADE FOR AMAZON DEVICES & Design',2014-09-29,b'5'
b'1',b'GORTIMER GIBBON\xc3\x82\xc2\xb4S LIFE ON NORMAL STREET',2014-09-29,b'5'
b'1',b'MADE FOR AMAZON',2014-09-29,b'5'
b'1',b'MADE FOR AMAZON FIRE & Design',2014-09-29,b'5'
b'1',b'MONTLAKE ROMANCE & Design',2014-09-26,b'5'
b'1',b'MADE FOR amazon',2014-09-26,b'5'
b'1',b'Firefly Design Black & White',2014-09-25,b'5'
b'1',b'GORTIMER GIBBON\xe2\x80\x99S LIFE ON NORMAL STREET',2014-09-25,b'5'
b'1',b'THE AFTER',2014-09-25,b'5'
b'1',b'ASAP',2014-09-22,b'5'
b'1',b'AMAZON ASAP',2014-09-22,b'5'
b'1',b'kindle voyage',2014-09-18,b'5'
b'1',b'FREETIME VERBALE IL MARCHIO CONSISTE NELLA PAROLA FREETIME',2014-09-05,b'5'
b'1',b'INSTANT PRETTY',2014-08-13,b'5'
b'1',b'amazon firefly',2014-07-07,b'5'
b'1',b'Game Circle Design Black & White',2014-06-25,b'5'
b'1',b'Game Circle Design Colour',2014-06-25,b'5'
b'1',b'TO-FU FURY',2014-06-18,b'5'
b'1',b'MONKEY BUDDY',2014-06-18,b'5'
b'1',b'CLAY DOODLE',2014-06-18,b'5'
b'1',b'PLANET PUZZLES',2014-06-18,b'5'
b'1',b'PRIME MUSIC',2014-06-13,b'5'
b'1',b'AMAZON MUSIC',2014-06-13,b'5'
b'1',b'PRIMEMUSIC',2014-06-12,b'5'
b'1',b'AMAZONMUSIC',2014-06-12,b'5'
b'1',b'AMAZON MUSIC & Design',2014-06-11,b'5'
b'1',b'A & Smile and Equalizer Design',2014-06-11,b'5'
b'1',b'SEQUOIA',2014-06-06,b'5'
b'1',b'PRIME AIR',2014-05-20,b'5'
b'1',b'amazon kinesis',2014-05-06,b'5'
b'1',b'amazon cognito',2014-05-05,b'5'
b'1',b'AMAZON COGNITO',2014-05-03,b'5'
b'1',b'KINDLE FIRST',2014-04-30,b'5'
b'1',b'BLUE HARBOUR',2014-04-24,b'5'
b'1',b'APPSTREAM',2014-04-23,b'5'
b'1',b'AMAZONFRESH & Smile Design',2014-04-22,b'5'
b'1',b'appstream',2014-04-21,b'5'
b'1',b'TENMARKS',2014-04-09,b'5'
b'1',b'THOMAS & MERCER & Design',2014-04-04,b'5'
b'1',b'amazon fire',2014-04-03,b'5'
b'1',b'SEV ZERO',2014-04-03,b'5'
b'1',b'amazondash',2014-04-01,b'5'
b'1',b'AUTORIP',2014-03-27,b'5'
b'1',b'KALE FOR BREAKFAST PRODUCTIONS',2014-03-20,b'5'
b'1',b'MOJITO',2014-03-18,b'5'
b'1',b'LAKE UNION',2014-02-27,b'5'
b'1',b'KINDLE MATCHBOOK',2014-02-26,b'5'
b'1',b'RV ME',2014-02-11,b'5'
b'1',b'FIRETUBE',2014-01-07,b'5'
b'1',b'\xd8\xa3\xd9\x8a\xd9\x87',2013-12-31,b'5'
b'1',b'\xd8\xa7\xd9\x85\xd8\xa7\xd8\xb2\xd9\x88\xd9\x86',2013-12-31,b'5'
b'1',b'\xd8\xa7\xd9\x85\xd8\xa7\xd9\x88\xd8\xb2\xd9\x86',2013-12-31,b'5'
b'1',b'mayday',2013-12-27,b'5'
b'1',b'\xd7\x90\xd7\x9e\xd7\x96\xd7\x95\xd7\x9f',2013-12-17,b'5'
b'1',b'AMAZON STORYTELLER',2013-12-03,b'5'
b'1',b'AMAZON.COM.AU',2013-11-11,b'5'
b'1',b'STARKEY',2013-10-31,b'5'
b'1',b'amazon redshift',2013-10-16,b'5'
b'1',b'LISTOPIA',2013-10-11,b'5'
b'1',b'AMAZON COIN',2013-10-08,b'5'
b'1',b'AMAZON COIN Design',2013-10-03,b'5'
b'1',b'GOODREADS',2013-10-02,b'5'
b'1',b'LAKE UNION PUBLISHING',2013-09-30,b'5'
b'1',b'47NORTH',2013-09-30,b'5'
b'1',b'THOMAS & MERCER',2013-09-30,b'5'
b'1',b'BETAS',2013-09-30,b'5'
b'1',b'KINDLE WORLDS',2013-09-30,b'5'
b'1',b'AMAZON COINS',2013-09-30,b'5'
b'1',b'MONTLAKE ROMANCE',2013-09-30,b'5'
b'1',b'Echo',2013-09-30,b'5'
b'1',b'AMAZON STUDIOS',2013-09-27,b'5'
b'1',b'ECHO Design',2013-09-26,b'5'
b'1',b'AWESOME EATS',2013-09-23,b'5'
b'1',b'ANNEBOTS',2013-09-06,b'5'
b'1',b'AMAZON VINE',2013-08-28,b'5'
b'1',b'AMAZON INSTANT VIDEO',2013-08-20,b'5'
b'1',b'CITY LIMITS',2013-08-16,b'5'
b'1',b'BRIGHT LIGHTS',2013-08-16,b'5'
b'1',b'JAVARI',2013-08-05,b'5'
b'1',b'LUCKYS ESCAPE',2013-08-01,b'5'
b'1',b'AMAZON Mobile Shopping Cart and Design',2013-06-28,b'5'
b'1',b'AMAZON Instant Video Design',2013-06-28,b'5'
b'1',b'KINDLE SINGLES',2013-06-25,b'5'
b'1',b'AMAZON & Smile Design',2013-06-21,b'5'
b'1',b'AUTORIP and Design',2013-06-17,b'5'
b'1',b'AIR PATRIOTS',2013-06-12,b'5'
b'1',b'AMAZON REDSHIFT',2013-05-21,b'5'
b'1',b'Conscious Spiral Logo',2013-05-13,b'5'
b'1',b'FIRELIGHT',2013-04-30,b'5'
b'1',b'FIREWORX',2013-04-30,b'5'
b'1',b'Skyscape Design',2013-03-25,b'5'
b'1',b'Two Lions Design',2013-03-25,b'5'
b'1',b'DYNAMODB',2013-03-06,b'5'
b'1',b'dynamodb',2013-03-01,b'5'
b'1',b'AMAZON LAB126',2013-02-26,b'5'
b'1',b'DAY ONE BOOKS',2012-12-20,b'5'
b'1',b'GRAND HARBOR',2012-11-12,b'5'
b'1',b'AWSMARKETPLACE',2012-10-04,b'5'
b'1',b'MADE FOR KINDLE & Design',2012-09-27,b'5'
b'1',b'VIKTOR THE PREDIKTOR',2012-09-26,b'5'
b'1',b'SHARE THE BUZZ',2012-09-24,b'5'
b'1',b'amazon glacier',2012-09-14,b'5'
b'1',b'kindle freetime',2012-09-07,b'5'
b'1',b'kindle powerfast',2012-09-07,b'5'
b'1',b'paperwhite',2012-09-07,b'5'
b'1',b'PAPER WHITE',2012-09-07,b'5'
b'1',b'DARK RYE & Design Horizontal',2012-08-29,b'5'
b'1',"b'DARK RYE & Design Stacked, Centered'",2012-08-29,b'5'
b'1',b'DARK RYE',2012-08-29,b'5'
b'1',b'ELASTICACHE',2012-08-06,b'5'
b'1',b'AMAZON MECHANICAL TURK',2012-05-31,b'5'
b'1',b'DAWN',2012-05-29,b'5'
b'1',b'THINKBOX SOFTWARE',2012-05-16,b'5'
b'1',b'THINKBOX SOFTWARE & Design',2012-05-16,b'5'
b'1',b'SUBSCRIBE & SAVE',2012-04-27,b'5'
b'1',b'AMAZON FLOW',2012-04-23,b'5'
b'1',b'amazon flow',2012-04-19,b'5'
b'1',b'IMPROVING LIVES WITH EVERY PURCHASE',2012-04-10,b'5'
b'1',b'TRAXTR',2012-04-05,b'5'
b'1',b'KIVA MOBILE-ROBOTIC FULFILLMENT SYSTEM',2012-04-04,b'5'
b'1',b'FULFILLMENT 2.0',2012-04-04,b'5'
b'1',b'AMAZONSUPPLY',2012-03-28,b'5'
b'1',b'BONES OF THE BOOK',2012-03-27,b'5'
b'1',b'KINDLE X-RAY',2012-03-27,b'5'
b'1',b'FIREVIEW',2012-03-27,b'5'
b'1',b'A MADE FOR KINDLE',2012-03-27,b'5'
b'1',b'\xd8\xb5\xd9\x81\xd9\x82\xd8\xa9 \xd8\xa7\xd9\x84\xd9\x8a\xd9\x88\xd9\x85',2012-03-26,b'5'
b'1',b'RAW AND UNPROCESSED',2012-03-21,b'5'
b'1',b'47NORTH Design',2012-03-09,b'5'
b'1',b'FOG DRIVE',2012-02-27,b'5'
b'1',b'amazon route 53',2012-02-13,b'5'
b'1',b'365 EVERYDAY VALUE & Design',2012-02-10,b'5'
b'1',b'VERVE',2012-02-02,b'5'
b'1',b'ACX AUDIOBOOK CREATION EXCHANGE',2012-01-05,b'5'
b'1',b'DEAL of the DAY',2011-11-29,b'5'
b'1',b'DR. SNAP',2011-11-17,b'5'
b'1',b'CAMPERFORCE',2011-11-14,b'5'
b'1',b'ADMASH',2011-11-10,b'5'
b'1',b'SMART IS BEAUTIFUL.',2011-11-10,b'5'
b'1',b'WHOLE STORY',2011-11-03,b'5'
b'1',b'WHISPERCACHE',2011-10-25,b'5'
b'1',b'kindle fire',2011-09-29,b'5'
b'1',b'fire',2011-09-29,b'5'
b'1',b'SILK',2011-09-23,b'5'
b'1',b'WHOLE KIDS FOUNDATION',2011-09-14,b'5'
b'1',b'ORGANIC MEDIA',2011-09-12,b'5'
b'1',b'THE FIRST YUM',2011-08-22,b'5'
b'1',b'AMAZON ROUTE 53',2011-08-16,b'5'
b'1',b'LAB126',2011-08-16,b'5'
b'1',b'CLOUD9',2011-07-26,b'5'
b'1',b'ECO-SCALE',2011-07-22,b'5'
b'1',b'GAME CIRCLE',2011-06-22,b'5'
b'1',b'WHOLE FOODS MARKET LOCAL PRODUCER LOAN PROGRAM EST. 2006 & Design',2011-06-21,b'5'
b'1',"b'THE MORE YOU KNOW, THE BETTER'",2011-06-15,b'5'
b'1',"b'THE MORE YOU KNOW ABOUT OUR MEAT, THE BETTER'",2011-06-15,b'5'
b'1',b'AUDIOBOOK CREATION EXCHANGE',2011-05-12,b'5'
b'1',b'ACX',2011-05-12,b'5'
b'1',b'LIGHTNING DEALS',2011-05-11,b'5'
b'1',b'WAG.COM',2011-05-11,b'5'
b'1',b'\xd8\xb3\xd9\x83\xd8\xb1',2011-01-27,b'5'
b'1',b'AMAZONMP3 & Design',2010-12-15,b'5'
b'1',b'EGGHEAD',2010-12-06,b'5'
b'1',b'BEAUTY BAR',2010-11-17,b'5'
b'1',b'kindle',2010-09-23,b'5'
b'1',b'AMAZONCROSSING Smile & Globe Design',2010-09-23,b'5'
b'1',b'amazoncrossing Globe Design',2010-09-23,b'5'
b'1',b'GABCAB',2010-07-23,b'5'
b'1',"b'BUY ONCE, READ EVERYWHERE'",2010-07-13,b'5'
b'1',b'AMAZON.CA & Design',2010-07-02,b'5'
b'1',b'LiquavistaVivid',2010-06-17,b'5'
b'1',b'LiquavistaColor',2010-06-17,b'5'
b'1',b'LiquavistaBright',2010-06-17,b'5'
b'1',b'WHOLE BODY & Stacked Design',2010-05-21,b'5'
b'1',b'RESPONSIBLY FARMED 3RD PARTY VERIFIED & Design',2010-05-21,b'5'
b'1',b'WHOLE BODY & Horizontal Design',2010-05-21,b'5'
b'1',b'BUY VIP',2010-04-16,b'5'
b'1',b'WHISPERLINK',2010-04-06,b'5'
b'1',b'WHISPERSHARE',2010-04-06,b'5'
b'1',b'\xd9\x83\xd8\xa7\xd9\x8a\xd9\x86\xd8\xaf\xd9\x84',2010-03-16,b'5'
b'1',b'ROOTED IN ORGANICS',2010-03-16,b'5'
b'1',b'SUKAR/ Lifestyle. Now',2010-03-11,b'5'
b'1',b'WHISPERNET',2010-03-05,b'5'
b'1',b'AMAZON.CA FIRST NOVEL AWARD WINNER & Design',2010-01-18,b'5'
b'1',b'amazon vpc',2010-01-13,b'5'
b'1',b'GLUTENFREE BAKEHOUSE Design',2009-10-29,b'5'
b'1',b'STANZA',2009-10-15,b'5'
b'1',b'whispernet',2009-10-07,b'5'
b'1',b'whispersync',2009-10-07,b'5'
b'1',b'CERTIFIED FRUSTRATION-FREE PACKAGING LOW WASTE \xc2\xb7 NO CLAMSHELLS \xc2\xb7 NO TWIST TIES \xc2\xb7',2009-06-04,b'5'
b'1',b'AMAZON FRUSTRATION-FREE',2009-06-04,b'5'
b'1',b'FRESH & WILD EVERYDAY VALUE',2009-05-13,b'5'
b'1',b'cloudfront',2009-03-13,b'5'
b'1',b'WHERE GREAT TASTING FOOD IS ONLY NATURAL',2009-03-12,b'5'
b'1',b'THE WHOLE DEAL',2009-01-30,b'5'
b'1',b'AMAZONWINDOW SHOP',2009-01-19,b'5'
b'1',b'AMAZON VIDEO ON DEMAND',2008-11-04,b'5'
b'1',b'FEEL GOOD ABOUT WHERE YOU SHOP',2008-08-25,b'5'
b'1',b'AMAZON CURRENCY CONVERTER',2008-07-07,b'5'
b'1',b'AMAZON DEVPAY',2008-06-03,b'5'
b'1',b'TEXTPAYME',2008-05-12,b'5'
b'1',b'A & Smile DESIGN',2008-05-12,b'5'
b'1',b'amazonmp3',2008-05-09,b'5'
b'1',b'amazonkindle',2008-05-09,b'5'
b'1',b'AMAZONKINDLE Design',2008-05-05,b'5'
b'1',b'AMAZONKINDLE',2008-04-02,b'5'
b'1',b'AMAZON ANYWHERE',2008-03-07,b'5'
b'1',b'LOCAL PRODUCER LOAN PROGRAM & Design',2008-02-29,b'5'
b'1',b'WHOLE FOODS MARKET PREMIUM BODY CARE & Design',2008-02-29,b'5'
b'1',b'WHOLE FOODS MARKET PREMIUM BODY CARE',2008-02-28,b'5'
b'1',b'PREMIUM BODY CARE from WHOLE FOODS MARKET',2008-02-28,b'5'
b'1',b'PAYPHRASE',2008-02-26,b'5'
b'1',b'CREATESPACE',2008-02-25,b'5'
b'1',b'AMAZON WEB SERVICES & 5 cubes Design',2008-01-23,b'5'
b'1',b'HUNGRY FOR THE NEXT GOOD BOOK',2008-01-22,b'5'
b'1',b'TEAFRESHING',2008-01-21,b'5'
b'1',b'OMNIVORACIOUS',2007-12-27,b'5'
b'1',b'AMAZON FRESH',2007-11-22,b'5'
b'1',b'Circles Design',2007-11-21,b'5'
b'1',b'amazon fresh',2007-11-20,b'5'
b'1',b'PIKE STREET',2007-11-16,b'5'
b'1',b'AMAZONMP3',2007-11-13,b'5'
b'1',b'AMIE ST',2007-10-01,b'5'
b'1',b'DPREVIEW.COM',2007-09-28,b'5'
b'1',b'AMAZON EC2',2007-08-20,b'5'
b'1',b'WHOLE TRADE GUARANTEE & Design',2007-06-29,b'5'
b'1',b'NOWNOW',2007-06-05,b'5'
b'1',b'MUSIC YOU SHOULD HEAR PODCAST',2007-06-05,b'5'
b'1',b'AMAZON BOOKCLIPS PODCAST',2007-05-23,b'5'
b'1',b'DPREVIEW',2007-05-18,b'5'
b'1',b'OMAKASE',2007-05-11,b'5'
b'1',b'ASTORE & Design',2007-05-09,b'5'
b'1',b'MUSIC YOU SHOULD HEAR',2007-05-09,b'5'
b'1',b'ASTORE',2007-05-09,b'5'
b'1',b'aStore',2007-05-09,b'5'
b'1',b'AMAZON WIRE PODCAST & Design',2007-05-08,b'5'
b'1',b'amazonwire PODCAST',2007-05-08,b'5'
b'1',b'AMAZONCONNECT',2007-04-19,b'5'
b'1',b'amazonunbox',2007-04-02,b'5'
b'1',b'AMAZONUNBOX & Design',2007-03-30,b'5'
b'1',b'AMAZON LINKS',2007-03-27,b'5'
b'1',b'Amazon links',2007-03-27,b'5'
b'1',b'WFM SMOKEHOUSE & Design',2007-02-27,b'5'
b'1',b'WFM SMOKEHOUSE',2007-02-27,b'5'
b'1',b'ASKVILLE',2007-02-26,b'5'
b'1',b'Smile mouth Design',2007-02-01,b'5'
b'1',b'DENALI',2007-01-29,b'5'
b'1',b'GIVE WHOLE-HEARTEDLY',2007-01-05,b'5'
b'1',b'OUR BUYERS GO TO MARKET',2006-11-17,b'5'
b'1',b'UNBOX',2006-10-25,b'5'
b'1',b'KIVA SYSTEMS',2006-10-16,b'5'
b'1',b'1800DIAPERS',2006-10-12,b'5'
b'1',b'VINE BUYS & Design',2006-10-02,b'5'
b'1',b'VINE BUYS',2006-09-29,b'5'
b'1',b'ALLEGRO Design',2006-09-13,b'5'
b'1',b'ANCIENT FOREST FUSION',2006-09-08,b'5'
b'1',b'ALLEGRO FINE TEA',2006-07-31,b'5'
b'1',b'Hoe Man Design',2006-05-18,b'5'
b'1',b'WHOLE FOODS WHOLE PEOPLE WHOLE PLANET',2006-05-18,b'5'
b'1',b'MAN WORKER Design',2006-03-06,b'5'
b'1',b'WHERE GREAT TASTE IS ONLY NATURAL',2006-02-27,b'5'
b'1',b'Love WHERE YOU SHOP',2006-02-27,b'5'
b'1',b'SOUQ.COM',2006-02-15,b'5'
b'1',b'\xd8\xb3\xd9\x88\xd9\x82.\xd9\x83\xd9\x88\xd9\x85',2006-02-15,b'5'
b'1',b'Button Design',2005-12-07,b'5'
b'1',b'WHOLE PLANET FOUNDATION',2005-12-07,b'5'
b'1',b'MECHANICAL TURK',2005-11-03,b'5'
b'1',b'MTURK',2005-11-03,b'5'
b'1',b'DEADLINE',2005-09-13,b'5'
b'1',b'AMARETTO',2005-09-13,b'5'
b'1',b'DROP SHIP CENTRAL',2005-08-03,b'5'
b'1',b'VENDOR CENTRAL',2005-08-03,b'5'
b'1',b'FRESH & WILD',2005-07-21,b'5'
b'1',b'SEARCH INSIDE!',2005-07-21,b'5'
b'1',b'DIAPERS.COM',2015-10-08,b'5'
b'1',b'LOOK.COM',2013-06-20,b'5'
b'1',b'LESS SCHLEP. MORE SHOP.',2010-09-10,b'5'
b'1',b'THE END OF AN ERRAND',2010-05-21,b'5'
b'1',b'GET STUFF. DONE.',2010-05-21,b'5'
b'2',b'WEATHERSHIELD',2008-12-02,b'7'
b'2',b'ANVIL MARK',2014-07-01,b'7'
b'2',b'HOME DEPOT',2011-10-03,b'8'
b'2',b'GLACIER BAY',2009-12-28,b'8'
b'2',b'ECOSMART',2009-09-11,b'8'
b'2',b'THE HOME DEPOT',2009-08-11,b'8'
b'2',b'No Verbal Elements',2009-08-10,b'8'
b'2',b'DEFIANT',2009-08-07,b'8'
b'2',b'THE HAMPTON BAY',2009-08-07,b'8'
b'2',b'HAMPTON BAY',2009-08-07,b'8'
b'2',b'HOMER',2009-08-07,b'8'
b'2',b'THE HOME DEPOT BERASALDARI',2007-05-20,b'8'
b'2',b'FACELIFTERS CABINET REFACING PRODUCTS',2010-03-01,b'7'
b'2',b'FACELIFTERS',2002-06-03,b'7'
b'2',b'CANADAS PRIDE',1992-01-21,b'12'
b'2',b'A DESIGN',1991-06-04,b'12'
b'2',b'AIKENHEADS & DESIGN',1991-06-04,b'12'
b'2',b'AIKENHEADS HARDWARE',1983-10-31,b'12'
b'2',b'AIKENHEADS',1983-10-31,b'12'
b'2',b'INVISANAIL',1995-06-16,b'7'
b'2',b'SUPPLYWORKS',2015-03-27,b'7'
b'2',b'PREMIERPLUS',2010-07-16,b'7'
b'2',b'CANADIAN BLINDS WALLPAPER AND MORE & DESIGN',2008-11-27,b'7'
b'2',b'WINDOW DESIGN',2008-11-27,b'7'
b'2',b'GARRISON & Design',2007-09-14,b'7'
b'2',b'GELCO',2004-11-30,b'7'
b'2',b'LOCK-TOP',2004-11-30,b'7'
b'2',b'LYEMANCE',2004-11-30,b'7'
b'2',b'DECORATETODAY',2000-03-28,b'7'
b'2',b'HOUSE-MATES HARDWARE',1998-04-22,b'7'
b'2',b'LIQUI-ZYME',1997-10-02,b'7'
b'2',b'CROWN BOLT INC.',1996-10-28,b'7'
b'2',b'HARDLINE SYSTEMS',1996-04-10,b'7'
b'2',b'CROWN BOLT',1996-02-08,b'7'
b'2',b'MULE KICK',1994-09-27,b'7'
b'2',b'QUICK-PICK',1994-06-30,b'7'
b'2',b'SEXAUER',1985-06-28,b'7'
b'2',b'LIFEPROOF',2019-06-12,b'8'
b'2',b'STYLEWELL.',2019-06-05,b'8'
b'2',b'STYLEWELL',2019-06-05,b'8'
b'2',b'HOME ACCENTS HOLIDAY',2019-06-05,b'8'
b'2',b'POWER CARE',2019-06-05,b'8'
b'2',b'HDX',2019-06-04,b'8'
b'2',b'COMMERCIAL ELECTRIC',2019-05-30,b'8'
b'2',b'P',2019-05-14,b'8'
b'2',b'THIS IS WHY',2019-05-13,b'8'
b'2',b'TOVELLA',2019-04-22,b'8'
b'2',b'HUSKY',2019-04-22,b'8'
b'2',b'ARBOR LANE',2019-04-22,b'8'
b'2',b'TODAY?S THE DAY',2019-04-12,b'8'
b'2',b'DAYS OF DOING',2019-04-12,b'8'
b'2',b'EVERBILT',2019-03-27,b'8'
b'2',b'HOME DECORATORS COLLECTION',2019-03-04,b'8'
b'2',b'POWERCARE',2019-02-20,b'8'
b'2',b'CHROMEMAX',2019-01-31,b'8'
b'2',b'PRO CAF?',2019-01-24,b'8'
b'2',b'HOW DOERS GET MORE DONE',2019-01-08,b'8'
b'2',b'SEIZE THE DIY',2019-01-08,b'8'
b'2',b'TODAY IS THE DAY FOR DOING',2019-01-08,b'8'
b'2',b'30 MINUTES MINUTOS',2019-01-08,b'8'
b'2',b'ANVIL',2019-01-08,b'8'
b'2',b'ORANGEPRINT',2019-01-08,b'8'
b'2',b'CAF? PRO',2019-01-08,b'8'
b'2',b'MORE KINDS OF DOING',2019-01-08,b'8'
b'2',b'TRAFFICMASTER',2019-01-08,b'8'
b'2',b'AHORRA COMO NUNCA',2018-12-03,b'8'
b'2',b'AHORRA DESDE AHORA',2018-12-03,b'8'
b'2',b'VIGORO',2018-11-21,b'8'
b'2',b'VERANDA',2018-11-14,b'8'
b'2',b'THE HOME DEPOT RENTAL JUST MORE CONVENIENT.',2018-11-06,b'8'
b'2',b'JUST MORE CONVENIENT',2018-11-06,b'8'
b'2',b'THE HOME DEPOT RENTAL',2018-11-06,b'8'
b'2',b'FIREMARK',2018-10-16,b'8'
b'2',b'HUBSPACE',2018-10-08,b'8'
b'2',b'COMMERCIAL ELECTRIC & Design',2018-08-31,b'8'
b'2',b'C STUDIO',2018-08-14,b'8'
b'2',b'MORE SAVING. MORE DOING.',2018-08-10,b'8'
b'2',b'ECO OPTIONS',2018-07-18,b'8'
b'2',b'SCH?N',2018-05-07,b'8'
b'2',b'VISSANI',2018-02-28,b'8'
b'2',b'COMPRA + GANA + SOCIO EXPERTO THE HOME DEPOT',2018-01-31,b'8'
b'2',b'AHORRO DE LA SEMANA',2018-01-25,b'8'
b'2',b'AJUSTE EXPRESS',2018-01-19,b'8'
b'2',b'THE HOME DEPOT CYBER DAYS',2017-12-04,b'8'
b'2',b'CYBER DAYS',2017-11-08,b'8'
b'2',b'LIFEPROOF & Design',2017-10-25,b'8'
b'2',b'SCH\xc3\x96N',2017-09-15,b'8'
b'2',b'BELLE FORET',2017-09-15,b'8'
b'2',b'ELIZABETHAN CLASSICS',2017-09-15,b'8'
b'2',b'CONFIEZ-NOUS LINSTALLATION HOME DEPOT & Design',2017-09-08,b'8'
b'2',b'GET IT INSTALLED THE HOME DEPOT & Design',2017-09-08,b'8'
b'2',b'THE HOME DEPOT PRO XTRA & Design',2017-07-19,b'8'
b'2',b'HOME DEPOT PRO EXTRA',2017-07-19,b'8'
b'2',b'THE HOME DEPOT PRO XTRA',2017-07-19,b'8'
b'2',b'HOME DEPOT PRO EXTRA & Design',2017-07-19,b'8'
b'2',b'SERVICE BEYOND MEASURE',2017-07-19,b'8'
b'2',b'PRECIO MAYOREO LLEVA MAS Y PAGA MENOS',2017-06-20,b'8'
b'2',b'COMPLETA TU PROYECTO',2017-06-20,b'8'
b'2',b'LOS MEJORES PRECIOS EN UN SOLO LUGAR',2017-06-20,b'8'
b'2',"b'VEN, Y HAZ MAS'",2017-06-20,b'8'
b'2',b'EN THE HOME DEPOT PAGAS MENOS',2017-06-20,b'8'
b'2',b'NUESTRO LUGAR EN EL MUNDO',2017-06-20,b'8'
b'2',b'AHORRA CON LOS PRECIOS MAS BAJOS',2017-06-20,b'8'
b'2',b'HAGAMOS MAS AL MEJOR PRECIO',2017-06-20,b'8'
b'2',b'TODOS NUESTROS PISOS SON DE PRIMERA CALIDAD',2017-06-20,b'8'
b'2',b'ESTAMOS BAJANDO PRECIOS',2017-06-20,b'8'
b'2',b'CAMBIOS QUE MEJORAN TU VIDA',2017-06-20,b'8'
b'2',b'EL LUGAR DONDE SE REUNE LO QUE MAS QUIERO',2017-06-20,b'8'
b'2',b'EN THE HOME DEPOT ENCUENTRAS TODO PARA TUS PROYECTOS',2017-06-20,b'8'
b'2',b'ELIGE TU COMBO',2017-06-20,b'8'
b'2',b'EL LUGAR PERFECTO PARA CONSENTIRTE',2017-06-20,b'8'
b'2',b'EL LUGAR DONDE FLORECEN TUS MEJORES MOMENTOS',2017-06-20,b'8'
b'2',b'LA MEJOR VARIEDAD A LOS PRECIOS M?S BAJOS',2017-06-20,b'8'
b'2',b'DD DOBLE DESCARGA',2017-06-20,b'8'
b'2',b'SIGNAGE DESIGN',2017-05-10,b'8'
b'2',b'BANNER DESIGN',2017-05-10,b'8'
b'2',b'EXPO ORGANIZA Y DECORA',2017-03-23,b'8'
b'2',b'NADIE ENTIENDE TU PISO COMO NOSOTROS',2017-03-23,b'8'
b'2',b'EXPO PISOS',2017-03-23,b'8'
b'2',b'EXPO BA?OS',2017-03-23,b'8'
b'2',b'TALLERES HAZLO T? MISMO',2017-03-23,b'8'
b'2',b'LOS CAMBIOS QUE QUIERES VER EN EL MUNDO COMIENZAN EN CASA',2017-03-21,b'8'
b'2',b'TURBOSPRAY',2017-03-08,b'8'
b'2',b'FAST MOUNT',2017-03-08,b'8'
b'2',b'CEST BEAU',2016-12-20,b'8'
b'2',b'BELLE FORET COLLECTION',2016-12-20,b'8'
b'2',b'CEST BEAU & Check Mark DESIGN',2016-12-20,b'8'
b'2',b'HOME DEPOT CEST BEAU & Check Mark DESIGN',2016-12-20,b'8'
b'2',b'LA BONNE AFFAIRE & DESIGN',2016-12-15,b'8'
b'2',b'LA BONNE AFFAIRE',2016-12-13,b'8'
b'2',b'THE HOME DEPOT & Design',2016-12-06,b'8'
b'2',b'THE HOME DEPOT HOME SERVICES LET US DO IT FOR YOU & Design',2016-11-01,b'8'
b'2',b'THE HOME DEPOT HOME SERVICES & Design',2016-11-01,b'8'
b'2',b'ELIZABETHAN CLASSICS & Design',2016-10-06,b'8'
b'2',b'BUILT TO POWER BUSINESS',2016-09-14,b'8'
b'2',b'FOR A CLEANER TOILET WITH EVERY FLUSH',2016-09-13,b'8'
b'2',b'CE E TECH & Design',2016-08-31,b'8'
b'2',b'CE TECH',2016-08-31,b'8'
b'2',b'RAPID PASS',2016-08-26,b'8'
b'2',b'RP Design',2016-08-24,b'8'
b'2',b'CE E TECH',2016-08-11,b'8'
b'2',b'BIGGER.BOLDER.BETTER',2016-08-05,b'8'
b'2',b'BIGGER.BOLDER.BETTER.',2016-08-04,b'8'
b'2',b'THE HOME DEPOT PINTURAS INFINITY',2016-07-18,b'8'
b'2',b'CONNIE',2016-07-04,b'8'
b'2',b'\xc3\x89QUIPEMENT COMPACT POWER & Design',2016-07-04,b'8'
b'2',b'THE ADVANTAGES ARE EVERYWHERE',2016-06-28,b'8'
b'2',b'NOTRE PROMESSE ORANGE',2016-06-27,b'8'
b'2',b'NOTRE PROMESSE ORANGE & Design',2016-06-27,b'8'
b'2',b'CONSTRUYE FELICIDAD',2016-06-21,b'8'
b'2',b'OUR ORANGE PROMISE & Design',2016-06-20,b'8'
b'2',b'OUR ORANGE PROMISE',2016-06-20,b'8'
b'2',b'CLUB DE JARDINERIA',2016-06-10,b'8'
b'2',b'LA BONNE AFFAIRE HOME DEPOT & Design vertical',2016-06-08,b'8'
b'2',b'THE HOME DEPOT ADVANTAGE & Design',2016-06-08,b'8'
b'2',b'LA BONNE AFFAIRE HOME DEPOT & Design horizontal',2016-06-08,b'8'
b'2',b'LA BONNE AFFAIRE HOME DEPOT',2016-06-08,b'8'
b'2',b'THE HOME DEPOT ADVANTAGE',2016-06-08,b'8'
b'2',b'HOME DECORATORS',2016-05-23,b'8'
b'2',b'HOME DEPOT EXTRA PRO & Design',2016-05-20,b'8'
b'2',b'HOME DEPOT EXTRA PRO',2016-05-20,b'8'
b'2',b'CLICKINSTALL',2016-04-12,b'8'
b'2',b'HOME DEPOT EXPO PINTURAS',2016-03-14,b'8'
b'2',b'PRO REFERRAL & Design',2016-03-08,b'8'
b'2',b'THE HOME DEPOT PRO PICK & Design',2016-03-03,b'8'
b'2',b'HOME DEPOT CHOIX PRO & Design',2016-03-03,b'8'
b'2',b'YOUR PERFECT COLOUR LIVES HERE',2016-02-24,b'8'
b'2',b'BELLE FOR\xc3\x8aT & Design',2016-02-22,b'8'
b'2',b'BUILD CHEER',2016-02-18,b'8'
b'2',b'THE HOME DEPOT PRO',2016-02-09,b'8'
b'2',b'HOME DEPOT PRO',2016-02-09,b'8'
b'2',b'THE HOME DEPOT PRO & Design',2016-02-09,b'8'
b'2',b'HOME DEPOT PRO & Design',2016-02-09,b'8'
b'2',b'JUST MORE CONVENIENT.',2016-02-03,b'8'
b'2',"b'THE HOME DEPOT, HAZ MAS, AHORRANDO'",2015-11-26,b'8'
b'2',b'CAMFORD',2015-09-03,b'8'
b'2',b'HOLIDAY ACCENTS',2015-09-02,b'8'
b'2',b'ADJUST-A-SIZE JUSTE CE QUIL FAUT',2015-06-30,b'8'
b'2',b'CONSINTIENDO A PAPA',2015-05-25,b'8'
b'2',b'CAMBIOS QUE ALEGRAN A MAMA',2015-05-25,b'8'
b'2',b'PROJECT COLOR',2015-05-20,b'8'
b'2',b'SPREAD CONTROL',2015-04-24,b'8'
b'2',b'SBOTD',2015-02-06,b'8'
b'2',b'ECommercialElectric',2015-01-27,b'8'
b'2',b'DUST DEFY & Design',2015-01-16,b'8'
b'2',b'EVERSTAR',2014-12-29,b'8'
b'2',b'COMPACT POWER',2014-11-25,b'8'
b'2',b'COMPACT POWER EQUIPMENT RENTAL & Design',2014-11-25,b'8'
b'2',b'VIP ONSITE DELIVERY COMPACT POWER EQUIPMENT RENTAL & Design',2014-11-25,b'8'
b'2',b'COMPACT POWER EQUIPMENT SERVICES & Design',2014-11-25,b'8'
b'2',b'-BLUE BREEZE',2014-09-08,b'8'
b'2',b'ADJUST-A-SIZE',2014-09-08,b'8'
b'2',b'GLACIERBAY',2014-08-29,b'8'
b'2',b'HAMPTONBAY',2014-07-25,b'8'
b'2',b'VIGORO CERTAIN SEED',2014-06-20,b'8'
b'2',b'VIGORO ULTRA TURF',2014-06-20,b'8'
b'2',b'HDX & Design',2014-06-06,b'8'
b'2',b'THE ORANGE DOOR PROJECT',2014-05-30,b'8'
b'2',b'PLATINUM PLUS',2014-01-17,b'8'
b'2',b'SOFTSPRING',2014-01-17,b'8'
b'2',b'THRILL OF THE GRILL',2013-12-03,b'8'
b'2',b'LETS DO THIS',2013-10-30,b'8'
b'2',b'STONEGUARD',2013-09-18,b'8'
b'2',b'GLACIER BAY & Design',2013-08-20,b'8'
b'2',b'HDCONNECT',2013-08-12,b'8'
b'2',b'MS-UV',2013-06-25,b'8'
b'2',b'MAY 2 X 4 LONG WEEKEND',2013-06-17,b'8'
b'2',b'RENO WALK',2013-03-18,b'8'
b'2',b'LIFE PROOF FLOORING',2013-01-09,b'8'
b'2',b'VIGORO FAST LAWN',2012-12-20,b'8'
b'2',b'DOING MORE FOR HOCKEY',2012-11-06,b'8'
b'2',b'GOALBUILDER DOING MORE FOR HOCKEY',2012-11-06,b'8'
b'2',b'GOALBUILDER',2012-11-06,b'8'
b'2',b'PERFECT HOME',2012-09-11,b'8'
b'2',b'HOME ACCENTS HARVEST',2012-06-22,b'8'
b'2',b'THE MAY 2 X 4 WEEKEND',2012-05-22,b'8'
b'2',b'WORKFORCE',2011-09-02,b'8'
b'2',b'PERFECT HOME ESSENTIALS',2010-11-19,b'8'
b'2',b'ECO SMART',2010-11-19,b'8'
b'2',b'Glacier Bay',2010-11-18,b'8'
b'2',b'Perfect Home Essentials',2010-11-18,b'8'
b'2',b'Eco Smart',2010-11-18,b'8'
b'2',b'Hampton Bay',2010-10-27,b'8'
b'2',b'Husky',2010-10-27,b'8'
b'2',b'Vigoro',2010-10-27,b'8'
b'2',b'PEGASUS',2010-06-22,b'8'
b'2',b'DOG HEAD DESIGN',2010-06-02,b'8'
b'2',b'H HOME ESSENTIALS',2010-05-07,b'8'
b'2',b'COMMERCIAL DIRECT',2009-12-11,b'8'
b'2',b'WORLD IMPORTS',2009-11-30,b'8'
b'2',b'PRECIOS AUN MAS BAJOS',2009-09-14,b'8'
b'2',b'EcoSmart',2009-09-11,b'8'
b'2',b'ECO OPTIONS ECO NOMICAL & Design',2009-09-08,b'8'
b'2',b'THE HOME DEPOT CANADA FOUNDATION',2009-06-22,b'8'
b'2',b'FONDATION HOME DEPOT CANADA',2009-06-22,b'8'
b'2',b'HOME DEPOT SERVICES AUX ENTREPRENEURS & DESIGN',2009-04-28,b'8'
b'2',b'THE HOME DEPOT CONTRACTOR PLUS & DESIGN',2009-04-28,b'8'
b'2',b'THE HOME DEPOT CONTRACTOR SERVICES & DESIGN',2009-04-28,b'8'
b'2',b'HOME DEPOT ENTREPRENEUR PLUS & DESIGN',2009-04-28,b'8'
b'2',"b'HAZ MAS, AHORRANDO'",2009-03-06,b'8'
b'2',b'The power to do more. For less.',2009-02-25,b'8'
b'2',b'JOB LOT QUANTITIES & Design',2008-12-15,b'8'
b'2',b'CHARMGLOW',2008-11-28,b'8'
b'2',b'THE HOMER FUND',2008-11-28,b'8'
b'2',b'EXPO',2008-11-28,b'8'
b'2',b'TEAM DEPOT',2008-11-28,b'8'
b'2',b'THE WINDWARD',2008-09-17,b'8'
b'2',b'THE GAZEBO',2008-09-17,b'8'
b'2',b'THE LANDMARK',2008-09-17,b'8'
b'2',b'THE HAMPTON BAY FAN CO',2008-09-05,b'8'
b'2',b'THE COMPANY STORE',2008-02-27,b'8'
b'2',b'HAMPTON BAY & Design',2007-08-29,b'8'
b'2',b'RITE TEMP',2007-08-29,b'8'
b'2',b'carr\xc3\xa9 avec un dessin dun crochet et les mots CEST BEAU',2007-07-03,b'8'
b'2',b'HAMMER DROP & Design',2006-10-02,b'8'
b'2',b'ECO OPTIONS Home Depot & Design',2006-09-13,b'8'
b'2',b'WINTHROP',2006-07-28,b'8'
b'2',b'FARMINGTON',2006-06-27,b'8'
b'2',b'BERCELLO ESTATES',2006-03-03,b'8'
b'2',b'GLENDALE',2006-01-10,b'8'
b'2',b'EXPO DESIGN CENTER',2005-12-14,b'8'
b'2',b'KAMPAR',2005-11-28,b'8'
b'2',b'FAVORITE GARDEN PLAN',2005-07-19,b'8'
b'2',b'PERFORMANCE SELECT',2005-05-16,b'8'
b'2',b'COLOUR ORANGE Design',2005-04-08,b'8'
b'2',b'PERFORMANCE PLUS',2005-04-07,b'8'
b'2',b'SPOLETO',2005-03-24,b'8'
b'2',b'VOTRE VOLONT\xc3\x89 DE FAIRE. NOTRE SAVOIR-FAIRE.',2005-03-04,b'8'
b'2',b'BERLINI',2004-12-17,b'8'
b'2',b'BROOKEDALE',2004-11-03,b'8'
b'2',b'PORTLAND',2004-11-03,b'8'
b'2',b'ANSLEY',2004-11-03,b'8'
b'2',b'Commercial Electric',2004-07-02,b'8'
b'2',b'STONEMARK',2003-10-31,b'8'
b'2',b'Commercial ce Electric',2003-10-31,b'8'
b'2',b'SOFT SOLUTIONS',2003-10-30,b'8'
b'2',b'BIG BOSS',2003-10-30,b'8'
b'2',b'GLACIER',2003-10-30,b'8'
b'2',b'DESIGN VIEW',2003-10-30,b'8'
b'2',b'COLOUR SOLUTIONS',2003-06-18,b'8'
b'2',b'DO-IT-HERSELF WORKSHOPS',2003-06-13,b'8'
b'2',b'VIVA! HERBS',2003-03-18,b'8'
b'2',b'VIVA!',2003-03-18,b'8'
b'2',b'VIVA! VEGGIES',2003-03-18,b'8'
b'2',b'THE DESIGNPLACE',2003-02-25,b'8'
b'2',"b'YOU CAN DO IT, WE CAN HELP'",2003-02-06,b'8'
b'2',b'VIVA DESIGN',2003-01-31,b'8'
b'2',b'PROGUARD',2002-11-27,b'8'
b'2',b'DECK MATE',2002-02-01,b'8'
b'2',b'ORANGE APRON Design',2000-09-27,b'8'
b'2',b'HOME DEPOT & Design',2000-09-27,b'8'
b'2',b'HOME DEPOT AT-HOME SERVICES & DESIGN',2000-08-21,b'8'
b'2',b'HOME DEPOT AT-HOME SERVICES',2000-08-14,b'8'
b'2',b'HOME EXPRESS',2000-04-27,b'8'
b'2',b'home depot',2000-04-26,b'8'
b'2',b'the home depot',2000-04-26,b'8'
b'2',b'LOW PRICES ARE JUST THE BEGINNING',2000-04-19,b'8'
b'2',b'CANADAS HOME IMPROVEMENT WAREHOUSE',2000-04-19,b'8'
b'2',b'CHARGEZ ET PARTEZ',2000-04-19,b'8'
b'2',b'GREAT CAREERS BUILT HERE!',2000-04-17,b'8'
b'2',b'LOAD N GO',2000-03-07,b'8'
b'2',b'BUILD YOUR DREAMS HERE',2000-01-10,b'8'
b'2',b'The Company Store',1999-12-22,b'8'
b'2',b'1-2-3',1999-10-20,b'8'
b'2',b'ARAGON',1999-09-16,b'8'
b'3',b'\xd8\xaa\xd8\xb4\xd9\x8a\xd9\x83\xd9\x86 \xd9\x85\xd8\xa7\xd9\x83',2015-08-31,b'58'
b'3',b'\xd8\xa5\xd8\xa8\xd8\xaa\xd9\x83\xd8\xb1 \xd8\xb9\xd9\x84\xd9\x89 \xd8\xb0\xd9\x88\xd9\x82\xd9\x83',2015-04-30,b'58'
b'3',b'\xd8\xa7\xd8\xa8\xd8\xaa\xd9\x83\xd8\xb1 \xd8\xb9\xd9\x84\xd9\x89 \xd8\xb0\xd9\x88\xd9\x82\xd9\x83',2014-11-16,b'58'
b'3',b'\xd9\x83\xd8\xb1\xd9\x8a\xd8\xaa \xd9\x8a\xd9\x88\xd8\xb1 \xd8\xaa\xd8\xb3\xd8\xaa \xd8\xa7\xd9\x8a \xd8\xa7\xd8\xb3 \xd8\xaa\xd9\x8a 201',2014-10-23,b'58'
b'3',b'\xd9\x83\xd8\xb1\xd9\x8a\xd8\xaa \xd9\x8a\xd9\x88\xd8\xb1 \xd8\xaa\xd8\xb3\xd8\xaa',2014-10-23,b'58'
b'3',b'\xd9\x85\xd8\xa7\xd9\x83 \xd8\xa8\xd9\x8a\xd8\xaa\xd8\xb3',2014-02-10,b'58'
b'3',b'.',2013-11-03,b'58'
b'3',b'\xd9\x85\xd8\xa7\xd9\x83 \xd9\x81\xd9\x8a\xd9\x84\xd9\x8a\xd9\x87 \xd8\xb3\xd9\x85\xd9\x83',2013-08-25,b'58'
b'3',b'\xd9\x8a\xd9\x88\xd9\x85 \xd9\x81\xd8\xb7\xd9\x88\xd8\xb1\xd9\x86\xd8\xa7 \xd8\xb3\xd9\x88\xd8\xa7',2013-05-07,b'58'
b'3',b'\xd9\x86\xd8\xa7\xd8\xb4\xd9\x8a\xd9\x88\xd9\x86\xd8\xa7\xd9\x84 \xd8\xa8\xd8\xb1\xd9\x8a\xd9\x83\xd9\x81\xd8\xa7\xd8\xb3\xd8\xaa \xd8\xaf\xd8\xa7\xd9\x8a',2013-05-07,b'58'
b'3',b'\xd9\x85\xd9\x83\xd8\xaf\xd9\x88\xd9\x86\xd8\xa7\xd9\x84\xd8\xaf\xd8\xb2 \xd8\xa8\xd8\xb1\xd9\x8a\xd9\x83\xd9\x81\xd8\xa7\xd8\xb3\xd8\xaa',2012-06-28,b'58'
b'3',b'\xd9\x81\xd8\xb7\xd9\x88\xd8\xb1 \xd9\x85\xd8\xa7\xd9\x83\xd8\xaf\xd9\x88\xd9\x86\xd8\xa7\xd9\x84\xd8\xaf\xd8\xb2',2012-06-28,b'58'
b'3',b'\xd9\x85\xd9\x8a\xd8\xac\xd8\xa7 \xd9\x85\xd8\xa7\xd9\x83',2011-07-24,b'58'
b'3',b'\xd8\xa5\xd9\x85',2011-07-24,b'58'
b'3',b'\xd9\x85\xd8\xa7\xd9\x83 \xd9\x83\xd8\xb1\xd8\xb3\xd8\xa8\xd9\x8a',2010-11-09,b'58'
b'3',b'\xd9\x85\xd8\xa7\xd9\x83 \xd8\xa7\xd8\xb1\xd8\xa7\xd8\xa8\xd9\x8a\xd8\xa7',2010-08-09,b'58'
b'3',b'\xd9\x85\xd8\xa7\xd9\x83\xd9\x88\xd9\x8a\xd9\x86\xd8\xba\xd8\xb2',2010-02-09,b'58'
b'3',b'No Verbal Elements',2010-02-01,b'58'
b'3',b'\xd9\x85\xd8\xa7\xd9\x83 \xd8\xa3\xd8\xb1\xd8\xa7\xd8\xa8\xd9\x8a\xd8\xa7',2009-04-12,b'58'
b'3',b'\xd8\xa8\xd9\x8a\xd8\xb2\xd8\xa7 \xd9\x85\xd8\xa7\xd9\x83\xd8\xa8\xd8\xa7\xd9\x81',2008-08-25,b'58'
b'3',b'I\xc2\x92M LOVIN\xc2\x92 IT',2008-05-12,b'58'
b'3',b'\xd9\x85\xd9\x83\xd8\xb1\xd9\x88\xd9\x8a\xd8\xa7\xd9\x84',2007-12-05,b'58'
b'3',b'\xd8\xa8\xd9\x8a\xd8\xba \xd8\xaa\xd9\x8a\xd8\xb3\xd8\xaa\xd9\x8a',2007-05-03,b'58'
b'3',b'\xd8\xa8\xd9\x8a\xd8\xba \xd8\xa8\xd8\xb1\xd9\x8a\xd9\x83\xd9\x81\xd8\xa7\xd8\xb3\xd8\xaa',2006-12-11,b'58'
b'3',b'\xd9\x85\xd8\xa7\xd9\x83\xd8\xaf\xd9\x8a\xd9\x84\xd9\x8a\xd9\x81\xd8\xb1\xd9\x8a',2005-05-17,b'58'
b'3',b'\xd9\x85\xd8\xa7\xd9\x83 \xd8\xaa\xd9\x88\xd8\xb5\xd9\x8a\xd9\x84',2005-05-17,b'58'
b'3',b'IM LOVIN IT',2003-12-08,b'58'
b'3',b'\xd8\xa3\xd9\x86\xd8\xa7 \xd8\xa3\xd8\xad\xd8\xa8\xd9\x87',2003-12-08,b'58'
b'3',b'\xd9\x85\xd8\xa7\xd9\x83\xd8\xb3\xd8\xa7\xd9\x84\xd8\xa7\xd8\xaf \xd8\xb4\xd8\xa7\xd9\x83\xd8\xb1',2002-04-15,b'58'
b'3',b'\xd9\x85\xd8\xa7\xd9\x83 \xd9\x83\xd9\x8a\xd9\x81',1999-03-03,b'58'
b'3',b'\xd9\x85\xd8\xa7\xd9\x83\xd9\x81\xd9\x84\xd8\xa7\xd8\xb1\xd9\x89',1999-01-26,b'58'
b'3',b'\xd9\x85\xd8\xa7\xd9\x83\xd8\xb1\xd9\x8a\xd8\xb3\xd8\xa8\xd9\x8a',1998-12-20,b'58'
b'3',b'\xd9\x83\xd9\x88\xd8\xa7\xd8\xb1\xd8\xaa\xd8\xb1 \xd8\xa8\xd8\xa7\xd9\x88\xd9\x86\xd8\xaf\xd8\xb1',1997-02-05,b'58'
b'3',b'\xd9\x83\xd9\x8a\xd8\xaf\xd8\xb2 \xd9\x81\xd8\xa7\xd9\x81\xd9\x88\xd8\xb1\xd9\x8a\xd8\xaa \xd9\x85\xd9\x8a\xd9\x84 \xd8\xa7\xd8\xb1\xd8\xa7\xd9\x88\xd9\x86\xd8\xaf \xd9\x88\xd8\xb1\xd9\x84\xd8\xaf',1996-02-18,b'58'
b'3',b'MCDONALDS',1995-12-07,b'58'
b'3',b'BIG MAC',1995-12-07,b'58'
b'3',b'\xd9\x85\xd8\xa7\xd9\x83 \xd9\x81\xd9\x8a\xd8\xb3\xd8\xaa',1995-10-25,b'58'
b'3',b'\xd9\x85\xd8\xa7\xd9\x83\xd9\x81\xd8\xb1\xd8\xa7\xd9\x8a\xd8\xb2',1993-03-22,b'58'
b'3',b'\xd8\xb1\xd9\x88\xd9\x86\xd8\xa7\xd9\x84\xd8\xaf \xd9\x85\xd8\xa7\xd9\x83\xd8\xaf\xd9\x88\xd9\x86\xd8\xa7\xd9\x84\xd8\xaf',1993-03-22,b'58'
b'3',b'\xd9\x87\xd8\xa7\xd9\x85\xd8\xa8\xd8\xb1\xd8\xac\xd9\x84\xd8\xa7\xd8\xb1',1993-03-22,b'58'
b'3',b'\xd8\xa7\xd9\x84\xd8\xb9\xd8\xb5\xd9\x81\xd9\x88\xd8\xb1\xd8\xa9 \xd8\xa7\xd9\x84\xd8\xb3\xd8\xa7\xd8\xa8\xd9\x82\xd8\xa9',1993-03-22,b'58'
b'3',b'\xd8\xac\xd8\xb1\xd9\x8a\xd9\x85\xd8\xa7\xd8\xb3',1993-03-22,b'58'
b'3',b'\xd8\xa7\xd9\x85',1993-03-22,b'58'
b'3',b'\xd9\x88\xd8\xac\xd8\xa8\xd8\xa9 \xd9\x85\xd9\x81\xd8\xb1\xd8\xad\xd8\xa9',1993-03-22,b'58'
b'3',b'\xd9\x87\xd8\xa7\xd8\xa8\xd9\x89 \xd9\x85\xd9\x8a\xd9\x84',1993-03-22,b'58'
b'3',b'\xd9\x85\xd8\xa7\xd9\x83\xd8\xaa\xd8\xb4\xd9\x8a\xd9\x83\xd9\x86',1993-03-22,b'58'
b'3',b'\xd8\xa8\xd9\x8a\xd8\xac \xd9\x85\xd8\xa7\xd9\x83',1993-03-22,b'58'
b'3',b'\xd9\x85\xd8\xa7\xd9\x83\xd8\xaf\xd9\x88\xd9\x86\xd8\xa7\xd9\x84\xd8\xaf\xd8\xb2',1993-01-31,b'58'
b'3',b'\xd9\x85\xd8\xa7\xd9\x83\xd9\x86\xd9\x88\xd8\xac\xd9\x8a\xd8\xaa\xd8\xb3',1993-01-31,b'58'
b'3',b'\xd9\x85\xd8\xa7\xd9\x83\xd8\xaf\xd9\x88\xd9\x86\xd8\xa7\xd9\x84\xd8\xaf\xd9\x84\xd8\xa7\xd9\x86\xd8\xaf',1993-01-31,b'58'
b'3',b'\xd9\x85\xd9\x83\xd8\xaf\xd8\xb2\xd9\x86\xd8\xa7\xd9\x84\xd8\xaf\xd8\xb2',1993-01-31,b'58'
b'3',b'\xd9\x85\xd8\xa7\xd9\x83 \xd9\x81\xd8\xb1\xd8\xa7\xd9\x8a\xd8\xb2',1993-01-31,b'58'
b'3',b'\xd9\x81\xd9\x8a\xd9\x84\xd9\x8a\xd8\xaa \xd8\xa7\xd9\x88 \xd9\x81\xd9\x8a\xd8\xb4',1993-01-31,b'58'
b'3',b'\xd9\x85\xd8\xa7\xd9\x83\xd9\x85\xd9\x88\xd9\x81\xd9\x8a\xd9\x86',1993-01-31,b'58'
b'3',b'\xd9\x85\xd9\x83\xd8\xaf\xd9\x88\xd9\x86\xd8\xa7\xd9\x84\xd8\xaf\xd8\xb2',1993-01-31,b'58'
b'3',b'\xd9\x85\xd8\xa7\xd9\x83\xd8\xaa\xd8\xb4\xd9\x8a\xd9\x83\xd9\x8a\xd9\x86',1993-01-31,b'58'
b'3',b'\xd8\xa8\xd9\x8a\xd8\xba \xd9\x85\xd8\xa7\xd9\x83',1980-06-19,b'58'
b'3',b'\xd9\x85\xd9\x83\xd8\xaf\xd9\x88\xd9\x86\xd8\xa7\xd9\x84\xd8\xaf\xd8\xb3',1980-06-19,b'58'
b'3',b'\xd8\xb1\xd9\x88\xd9\x86\xd8\xa7\xd9\x84\xd8\xaf \xd9\x85\xd9\x83\xd8\xa7\xd8\xaf\xd9\x88\xd9\x86\xd8\xa7\xd9\x84\xd8\xaf',1980-06-19,b'58'
b'3',b'\xd8\xb1\xd9\x88\xd9\x86\xd8\xa7\xd9\x84\xd8\xaf\xd8\xb3 \xd9\x85\xd9\x83\xd8\xaf\xd9\x88\xd9\x86\xd8\xa7\xd9\x84\xd8\xaf',1980-06-19,b'58'
b'3',b'\xd8\xb1\xd9\x88\xd9\x86\xd8\xa7\xd9\x84\xd8\xaf \xd9\x85\xd9\x83\xd8\xaf\xd9\x88\xd9\x86\xd8\xa7\xd9\x84\xd8\xaf',1980-06-19,b'58'
b'3',b'RONALD MCDONALD M DEVICE',1979-05-07,b'58'
b'3',b'CLOWN FIGURE DEVICE',1979-05-07,b'58'
b'3',b'RONALD MCDONALD',1979-05-07,b'58'
b'3',b'HAPPY STUDIO',2011-09-28,b'58'
b'3',b'MCWRAP',2010-03-15,b'58'
b'3',b'I M LOVIN IT',2008-05-20,b'58'
b'3',b'McFLURRY',2001-04-24,b'58'
b'3',b'ROTISSERIE',1993-06-09,b'58'
b'4',b'JUMPMAN',2019-03-15,b'77'
b'4',b'JORDAN',2019-03-15,b'77'
b'4',b'PEGASUS',2017-05-17,b'77'
b'4',b'No Verbal Elements',2015-07-16,b'77'
b'4',b'NIKE',2015-07-16,b'77'
b'4',b'NIKE-\xd0\xb8\xd0\xb9\xd0\xbd \xd0\xb7\xd3\xa9\xd0\xb2 \xd1\x82\xd1\x8d\xd0\xbc\xd0\xb4\xd1\x8d\xd0\xb3',2015-07-16,b'77'
b'4',b'JUST DO IT',2015-07-16,b'77'
b'4',b'AIR FLIGHT',1991-01-22,b'99'
b'4',b'SPL28',1999-11-22,b'74'
b'4',b'NIKE TOWN',1990-10-24,b'99'
b'4',b'AIR MAX',1988-03-01,b'99'
b'4',b'NIKECONNECT',2018-03-02,b'99'
b'4',b'VAPORMAX',2018-02-14,b'99'
b'4',b'TECHKNIT',2017-12-18,b'99'
b'4',b'SNEAKEASY',2017-11-21,b'99'
b'4',b'BIKETOWN',2017-01-10,b'99'
b'4',b'FLYEASE',2016-12-01,b'99'
b'4',b'RW 3',2016-06-29,b'99'
b'4',b'METCON',2016-06-24,b'99'
b'4',b'BETTER FOR IT',2016-03-14,b'99'
b'4',b'VOMERO',2015-09-24,b'99'
b'4',b'NIKE LUNAR',2015-07-13,b'99'
b'4',b'KICKS LOUNGE',2014-11-21,b'99'
b'4',b'NIKE AEROSHIELD',2014-11-14,b'99'
b'4',b'ENGAGE',2014-08-29,b'99'
b'4',b'NIKE AIR VAPORMAX',2014-06-19,b'99'
b'4',b'K I',2014-05-14,b'99'
b'4',b'VAPOR',2014-04-25,b'99'
b'4',b'NIKE VAPOR',2014-04-25,b'99'
b'4',b'FLY ZONE',2014-04-16,b'99'
b'4',b'NIKE YARDLINE',2014-04-16,b'99'
b'4',b'NIKE AEROLOFT',2014-01-22,b'99'
b'4',b'AIR FORCE 1',2014-01-15,b'99'
b'4',b'FLIGHT WEIGHT',2014-01-10,b'99'
b'4',b'FLIGHT23',2014-01-08,b'99'
b'4',b'MAGISTA',2013-10-16,b'99'
b'4',b'HYPERFEEL',2013-06-24,b'99'
b'4',b'KD',2013-05-30,b'99'
b'4',b'HYPERVENOM',2013-04-15,b'99'
b'4',b'FLEXLOFT',2013-03-20,b'99'
b'4',b'DESIGNED TO MOVE',2013-02-22,b'99'
b'4',b'NIKE TRACK CLUB',2013-01-18,b'99'
b'4',b'MATT MATTHEW KNIGHT ARENA',2012-07-05,b'99'
b'4',b'NIKESKIN',2012-06-11,b'99'
b'4',b'FUEL PRINT',2012-06-01,b'99'
b'4',b'FLYKNIT',2012-03-30,b'99'
b'4',b'NIKEFUEL',2012-01-27,b'99'
b'4',b'THE CHANCE',2012-01-25,b'99'
b'4',b'LJ',2011-02-07,b'99'
b'4',b'HYPERSTRONG',2011-01-11,b'99'
b'4',b'HYPERWARM',2011-01-11,b'99'
b'4',b'MATT MATT ARENA',2010-06-21,b'99'
b'4',b'TIEMPO',2010-04-12,b'99'
b'4',b'MERCURIAL',2010-04-12,b'99'
b'4',b'MERCURIAL SUPERFLY',2010-04-12,b'99'
b'4',b'CP3',2010-03-24,b'99'
b'4',b'HYPERCOOL',2010-01-06,b'99'
b'4',b'LUNARLON',2009-11-20,b'99'
b'4',b'MS',2009-09-09,b'99'
b'4',b'AIR JORDAN',2009-06-05,b'99'
b'4',b'METHOD',2009-04-20,b'99'
b'4',b'DYNAMIC SUPPORT',2009-04-20,b'99'
b'4',b'DUNK',2009-04-02,b'99'
b'4',b'CRUSH',2009-03-31,b'99'
b'4',b'LUNARGLIDE',2009-02-06,b'99'
b'4',b'NIKE PRO COMBAT',2009-01-21,b'99'
b'4',b'M',2008-07-18,b'99'
b'4',b'RF',2008-04-08,b'99'
b'4',b'AIR FORCE I',2008-04-08,b'99'
b'4',b'SUPERBAD',2007-12-19,b'99'
b'4',b'FLYWIRE',2007-11-20,b'99'
b'4',b'NIKEID.',2007-06-28,b'99'
b'4',b'NIKEFACTORYSTORE',2007-04-02,b'99'
b'4',b'NIKE IHM',2006-04-07,b'99'
b'4',b'NIKE FREE',2006-01-27,b'99'
b'4',b'NIKEFREE',2005-04-20,b'99'
b'4',b'SWOOSH FLEX',2003-12-19,b'99'
b'4',b'FLIGHT',2003-06-12,b'99'
b'4',b'TRIAX',2003-03-06,b'99'
b'4',b'NIKE SPHERE',2002-12-04,b'99'
b'4',b'MAGNIGRIP',2002-11-07,b'99'
b'4',b'DRI-FIT',2001-06-04,b'99'
b'4',b'PHYLITE',2000-06-16,b'99'
b'4',b'PRESTO',2000-05-23,b'99'
b'4',b'NIKE SHOX',2000-02-15,b'99'
b'4',b'HYPERION',2000-02-01,b'99'
b'4',b'WAFFLE TRAINER',1999-12-30,b'99'
b'4',b'WAFFLE RACER',1999-12-30,b'99'
b'4',b'STORM-FIT',1999-12-06,b'99'
b'4',b'TRUNNER',1998-10-21,b'99'
b'4',b'ACG',1995-12-19,b'99'
b'4',b'ACG NIKE',1995-10-02,b'99'
b'4',b'AIR',1994-11-29,b'99'
b'4',b'SWOOSH',1994-10-11,b'99'
b'4',b'NIKE GOLF',1992-11-20,b'99'
b'4',b'RUNWALK',1992-09-29,b'99'
b'4',b'CROSS TRAINING IMPRONTA COMPRENDENTE UNA FIGURA A GUISA DI X AVENTE UNO DEI DUE RAMI FORMATO DA TRE CURVILINEI AFFIANCATI',1992-06-11,b'99'
b'4',b'AIR TRAINER MAX',1992-03-13,b'99'
b'4',b'AIR HUARACHE BY NIKE',1992-03-02,b'99'
b'4',b'IL MARCHIO CONSISTE IN UNA LETTERA H STILIZZATA.',1991-12-06,b'99'
b'4',b'MICHAEL JORDAN',1991-11-20,b'99'
b'4',"b'IL MARCHIO CONSISTE IN UNA IMPRONTA CHE CONTIENE: LA PAROLA NICKE AL DISOPRA DI UNA FORMA AD ALA STILIZZATA, LA'",1991-07-17,b'99'
b'4',b'IL MARCHIO CONSISTE IN UNA IMPRONTA IN CHIAROSCURO COMPRENDENTE UNA LE TTERA S OTTENUTA PER MEZZO DI DUE ELEMENTI CURVILINEI',1991-07-10,b'99'
b'4',b'SUPREME COURT',1991-06-24,b'99'
b'4',b'IL MARCHIO CONSISTE IN UNA IMPRONTA DI FORMA RETTANGOLARE A FONDO SCUR O NEL CUI INTERNO E SEGNATO UN TRIANGOLO',1991-06-04,b'99'
b'4',b'I.E.',1991-04-08,b'99'
b'4',b'DRI - F.I.T.',1991-01-14,b'99'
b'4',b'NIKE F.I.T.',1991-01-14,b'99'
b'4',b'NIKE TOWN.',1990-11-23,b'99'
b'4',b'180 AIR',1990-10-17,b'99'
b'4',b'IL MARCHIO CONSISTE IN UNA IMPRONTA IN CHIAROSCURO DI FORMA RETTANGOLA RE COMPRENDENTE LE PAROLE CHALLENGE E COURT IN CARATTERI',1990-09-26,b'99'
b'4',b'UNA IMPRONTA IN CHIAROSCURO COMPRENDENTE LA PAROLA JORDAN SU IMMAGINE DI GIOCATORE DI PALLACANESTRO IN POSA DINAMICA E SU PAROLA',1990-09-24,b'99'
b'4',b'IL MARCHIO CONSISTE NELLA PAROLA FORCE IN CARATTERI STILIZZATI.',1990-09-24,b'99'
b'4',b'IL MARCHIO CONSISTE IN UNA F STILIZZATA A MO DI ALA E LA PAROLA FLIGH T.',1990-09-24,b'99'
b'4',b'AIR CHALLENGE 180',1990-09-17,b'99'
b'4',b'AIR FORCE 180',1990-09-17,b'99'
b'4',b'AIR JORDAN 180',1990-09-17,b'99'
b'4',b'AIR TRAINER 180',1990-09-17,b'99'
b'4',b'AIR 180',1990-09-17,b'99'
b'4',b'CLIMA-F.I.T.',1990-07-20,b'99'
b'4',b'THERMA-FIT',1990-07-20,b'99'
b'4',b'AIR SKYLON',1989-11-16,b'99'
b'4',b'JUST DO IT.',1989-10-03,b'99'
b'4',b'NIKE AIR',1989-05-10,b'99'
b'4',b'FAST FIT',2017-05-10,b'77'
b'4',b'ZONAL',2016-12-06,b'77'
b'4',b'NIKE AEROSWIFT',2016-03-18,b'77'
b'4',b'LOGO',2016-02-17,b'77'
b'4',b'ROSHE',2015-07-01,b'77'
b'4',b'LUKISAN ORANG',2015-01-21,b'77'
b'4',b'PERTARUHKAN SEGALANYA',2014-06-30,b'77'
b'4',b'COLORDRY',2013-12-27,b'77'
b'4',b'ACG + LUKISAN',2012-06-06,b'77'
b'4',b'CLIMA FIT',2012-05-18,b'77'
b'4',b'THERMA FIT',2012-05-18,b'77'
b'4',b'REACT',2012-01-29,b'77'
b'4',b'LUKISAN',2011-02-25,b'77'
b'4',b'REVOLUTIONARY TO ITS CORE',2010-08-06,b'77'
b'4',b'20XI',2010-08-06,b'77'
b'4',b'INNOVATE FOR A BETTER WORLD',2010-05-26,b'77'
b'4',b'LOGO NIKE',2009-11-11,b'77'
b'4',b'NIKE GRIND',2009-03-25,b'77'
b'4',b'TRACEME',2017-03-21,b'99'
b'4',b'TAILWIND',1993-06-07,b'99'
b'4',b'WAFFLE',1978-10-23,b'99'
b'4',b'LDV',1978-05-30,b'99'
b'4',b'ELITE',1978-04-13,b'99'
b'4',b'CORTEZ',1972-05-04,b'99'
b'4',b'NIKE BY YOU',2019-04-23,b'77'
b'4',b'CRYPTOKICKS',2019-04-17,b'77'
b'4',b'NIKE KAISHI',2019-04-15,b'77'
b'4',b'KAISHI',2019-04-15,b'77'
b'4',b'NIKE DUNK',2019-04-15,b'77'
b'4',b'TANJUN',2019-03-20,b'77'
b'4',b'DYNAMO',2019-03-19,b'77'
b'4',b'nike by you',2019-03-18,b'77'
b'4',b'flywire fly',2019-03-14,b'77'
b'4',b'air huarache',2019-03-14,b'77'
b'4',b'nike aeroloft',2019-03-14,b'77'
b'4',b'tanjun',2019-03-14,b'77'
b'4',b'vapormax vapor',2019-03-14,b'77'
b'4',b'dual fusion',2019-03-14,b'77'
b'4',b'dynamo',2019-03-14,b'77'
b'4',b'tiempo',2019-03-14,b'77'
b'4',b'nike',2019-03-14,b'77'
b'4',b'FOOTWARE',2019-03-14,b'77'
b'4',b'null',2018-12-12,b'77'
b'4',b'FITADAPT',2018-11-26,b'77'
b'4',b'AIRADAPT',2018-11-26,b'77'
b'4',b'airadapt adapt',2018-11-21,b'77'
b'4',b'fitadapt adapt',2018-11-21,b'77'
b'4',b'AEROADAPT',2018-10-04,b'77'
b'4',b'NIKE RTNA',2018-10-03,b'77'
b'4',b'OBJ',2018-08-30,b'77'
b'4',b'HYPERGATE',2018-05-10,b'77'
b'4',b'FLYPRINT',2018-04-13,b'77'
b'4',b'NIKE JOYRIDE',2018-03-26,b'77'
b'4',b'JOYRIDE',2018-03-06,b'77'
b'4',b'nike joyride',2018-03-01,b'77'
b'4',b'nike react',2018-02-12,b'77'
b'4',b'NIKE REACT',2018-02-12,b'77'
b'4',b'SPACE HIPPIE',2018-01-31,b'77'
b'4',b'JUEGA M?S ESCUELAS ACTIVAS',2018-01-16,b'77'
b'4',b'ZOOM PEGASUS',2017-11-22,b'77'
b'4',b'AF1',2017-09-20,b'77'
b'4',b'KI',2017-09-20,b'77'
b'4',b'MAX AIR',2017-09-20,b'77'
b'4',b'FLYLEATHER',2017-08-23,b'77'
b'4',b'flyleather fly',2017-08-19,b'77'
b'4',b'SNEAKRS',2017-05-26,b'77'
b'4',b'pegasus',2017-05-11,b'77'
b'4',b'NIKE METCON',2017-02-24,b'77'
b'4',b'fast fit',2017-01-11,b'77'
b'4',b'FORCE',2016-11-25,b'77'
b'4',b'jordan',2016-11-01,b'77'
b'4',b'air jordan',2016-11-01,b'77'
b'4',b'NIKE HYPERSTRONG',2016-09-15,b'77'
b'4',b'SNKRS',2016-09-14,b'77'
b'4',b'snkrs',2016-07-20,b'77'
b'4',b'af1 af',2016-04-27,b'77'
b'4',b'NIKEAIRVAPORMAX',2016-03-17,b'77'
b'4',b'NIKEAEROSWIFT',2016-03-16,b'77'
b'4',b'metcon',2016-03-15,b'77'
b'4',b'ntc nike training club',2016-03-07,b'77'
b'4',b'NTC Nike Training Club',2016-03-02,b'77'
b'4',b'HOUSE OF HER',2016-01-12,b'77'
b'4',b'vomero',2015-10-01,b'77'
b'4',b'AIR HUARACHE',2015-07-28,b'77'
b'4',b'NIKE ROSHE',2015-07-23,b'77'
b'4',b'nike free',2015-07-09,b'77'
b'4',b'nike lunar',2015-06-25,b'77'
b'4',b'NIKELUNAR',2015-06-22,b'77'
b'4',b'roshe',2015-06-16,b'77'
b'4',b'LUNAR',2015-04-20,b'77'
b'4',b'NIKEAEROSHIELD',2014-11-20,b'77'
b'4',b'CACHA\xc3\x91A',2014-11-10,b'77'
b'4',b'RE2PECT.',2014-07-29,b'77'
b'4',b'NIKE CLEARANCE STORE',2014-07-17,b'77'
b'4',b'method',2014-07-11,b'77'
b'4',b'nike vapor',2014-07-02,b'77'
b'4',b'LUNARECLIPSE',2014-07-02,b'77'
b'4',b'NIKEVAPOR',2014-07-01,b'77'
b'4',b'k',2014-06-24,b'77'
b'4',b'NIKE+ FUELCOACH',2014-06-02,b'77'
b'4',b'Kyrie Irving Logo',2014-05-28,b'77'
b'4',b'NIKE FUELBAND',2014-04-25,b'77'
b'4',b'MOVE 1',2014-04-08,b'77'
b'4',b'ARRIESGALO TODO',2014-02-07,b'77'
b'4',b'AIRFORCE1',2014-01-23,b'77'
b'4',b'air force 1',2014-01-17,b'77'
b'4',b'flight weight',2014-01-17,b'77'
b'4',b'VARECARE',2013-12-19,b'77'
b'4',b'ARPRO',2013-12-19,b'77'
b'4',b'GRUPO JALA',2013-12-19,b'77'
b'4',b'TESTICARE',2013-12-19,b'77'
b'4',b'AQU\xc3\x8dLES VOY',2013-12-18,b'77'
b'4',b'SIGNAL DOCTOR',2013-12-18,b'77'
b'4',b'RISK EVERYTHING',2013-12-10,b'77'
b'4',b'CROSSTOWN RUNNING',2013-12-09,b'77'
b'4',b'NIKE COLORDRY',2013-11-26,b'77'
b'4',b'NIKE PRO COMBAT HYPERWARM SERIES',2013-11-15,b'77'
b'4',b'NIKE MARCHIO VERBALE',2013-10-23,b'77'
b'4',b'ALA STILIZZATA MARCHIO FIGURATIVO IN CHIAROSCURO',2013-10-23,b'77'
b'4',b'VRS',2013-10-17,b'77'
b'4',b'NIKE+FUELBAND',2013-10-10,b'77'
b'4',b'magista',2013-09-13,b'77'
b'4',b'JUSTDOIT',2013-09-12,b'77'
b'4',b'just do it',2013-08-29,b'77'
b'4',b'THERMA-F.I.T.',2013-05-28,b'77'
b'4',b'RZN',2013-05-27,b'77'
b'4',b'Nikefuel Design',2013-05-21,b'77'
b'4',b'POLYFLY',2013-04-23,b'77'
b'4',b'hypervenom',2013-04-10,b'77'
b'4',b'HYPERVENOM Design',2013-04-09,b'77'
b'4',b'HYPERFLECT',2013-04-09,b'77'
b'4',b'NIKE DRI-F.I.T.',2013-04-03,b'77'
b'4',b'SANTIAGO CORRE',2013-02-12,b'77'
b'4',b'RECTANGLE Design',2012-12-31,b'77'
b'4',b'MAKE IT COUNT',2012-11-07,b'77'
b'4',b'NIKE SPHERE MARCHIO VERBALE',2012-10-18,b'77'
b'4',b'NIKE PRO COMBAT HYPERSTRONG',2012-09-28,b'77'
b'4',b'nike hyperwarm',2012-09-24,b'77'
b'4',b'nike pro combat hyperstrong',2012-09-24,b'77'
b'4',b'nike hypercool',2012-09-24,b'77'
b'4',b'NIKE HYPERWARM',2012-08-27,b'77'
b'4',b'AIRLOCK',2012-06-07,b'77'
b'4',b'fuel print',2012-06-04,b'77'
b'4',b'AIR MAX MARCHIO VERBALE',2012-05-25,b'77'
b'4',b'THERMA-F.I.T. MARCHIO VERBALE',2012-05-25,b'77'
b'4',b'CLIMA-F.I.T. MARCHIO VERBALE',2012-05-25,b'77'
b'4',b'AIR-SOLE MARCHIO VERBALE',2012-05-25,b'77'
b'4',b'NIKE HYPERCOOL',2012-05-21,b'77'
b'4',b'NIKE FLYKNIT',2012-05-04,b'77'
b'4',b'nike flyknit',2012-04-20,b'77'
b'4',b'mercurial',2012-04-18,b'77'
b'4',b'Stylized W Design',2012-04-13,b'77'
b'4',b'NIKE+ SPORT',2012-03-01,b'77'
b'4',b'NIKE+ TRAINING',2012-03-01,b'77'
b'4',b'NIKE+ BASKETBALL',2012-03-01,b'77'
b'4',b'NIKE+ FUELBAND',2012-02-27,b'77'
b'4',b'JETZT IST MEINE ZEIT',2012-02-23,b'77'
b'4',b'MY TIME IS NOW',2012-02-01,b'77'
b'4',b'W',2012-01-11,b'77'
b'4',b'MI MOMENTO ES AHORA',2011-12-02,b'77'
b'4',b'ESTE ES MI MOMENTO',2011-11-15,b'77'
b'4',b'ORA TOCCA A ME MARCHIO VERBALE',2011-11-03,b'77'
b'4',b'DRI-F.I.T.',2011-10-26,b'77'
b'4',b'MICHAEL JORDAN MARCHIO VERBALE',2011-09-27,b'77'
b'4',b'NEGATIVEEDGE',2011-09-02,b'77'
b'4',b'W WALCE ZJEDNOCZENI',2011-08-30,b'77'
b'4',b'JUMPMAN23.COM',2011-07-26,b'77'
b'4',b'HYPERFUSE',2011-07-21,b'77'
b'4',b'NIKE RADAR',2011-02-14,b'77'
b'4',b'LEBRON LOGO',2011-02-10,b'77'
b'4',b'NIKE PRO COMBAT HYPERCOOL',2011-02-09,b'77'
b'4',b'LeBron Logo Design',2011-02-09,b'77'
b'4',b'NIKE TIEMPO LEGEND',2011-02-07,b'77'
b'4',b'NIKE TIEMPO',2011-02-07,b'77'
b'4',b'AIR TRAINER TW',2011-01-28,b'77'
b'4',b'hypercool',2011-01-19,b'77'
b'4',b'NIKE F.I.T. MARCHIO VERBALE',2010-12-31,b'77'
b'4',b'DRI-F.I.T. MARCHIO VERBALE',2010-12-31,b'77'
b'4',b'NIKE2UNE',2010-12-03,b'77'
b'4',b'YOU VS YOU',2010-11-19,b'77'
b'4',b'MATA NO PEITO',2010-11-08,b'77'
b'4',b'FussiTussi',2010-11-05,b'77'
b'4',b'VIVE LE FOOTBALL LIBRE',2010-11-03,b'77'
b'4',b'TussiFussi',2010-10-29,b'77'
b'4',b'cortez',2010-09-13,b'77'
b'4',b'NIKE SHOX MARCHIO VERBALE',2010-08-12,b'77'
b'4',b'NIKE TOWN MARCHIO VERBALE',2010-08-12,b'77'
b'4',b'CLIMA-FIT',2010-07-12,b'77'
b'4',b'NIKE-FIT',2010-07-12,b'77'
b'4',b'20XI Design',2010-06-25,b'77'
b'4',b'NIKE PRO HYPERCOOL',2010-06-08,b'77'
b'4',b'WORLD BASKETBALL FESTIVAL',2010-05-12,b'77'
b'4',b'COIL DESIGN MARCHIO FIGURATIVO IN CHIAROSCURO',2010-05-06,b'77'
b'4',b'AIR JORDAN MARCHIO FIGURATIVO IN CHIARO SCURO',2010-05-06,b'77'
b'4',b'WORLD BASKETBALL FESTIVAL.',2010-04-30,b'77'
b'4',b'NIKE INTERNATIONAL',2010-04-26,b'77'
b'4',b'FORCE MARCHIO VERBALE',2010-04-26,b'77'
b'4',b'FLIGHT MARCHIO VERBALE',2010-04-26,b'77'
b'4',b'NIKE BETTER WORLD',2010-04-21,b'77'
b'4',b'T90',2010-04-20,b'77'
b'4',b'CTR360',2010-04-20,b'77'
b'4',b'NIKE5',2010-04-20,b'77'
b'4',b'TOTAL 90',2010-04-20,b'77'
b'4',b'AEROPLY',2010-03-30,b'77'
b'4',b'CP3 Design',2010-03-24,b'77'
b'4',b'NEXT UP',2010-03-23,b'77'
b'4',b'WRITE THE FUTURE',2010-03-08,b'77'
b'4',b'PREPARE FOR COMBAT',2010-01-20,b'77'
b'4',b'SPORT SPECIALTIES & Design',2010-01-18,b'77'
b'4',b'NSW',2009-12-21,b'77'
b'4',b'NOS DIFFERENCES NOUS UNISSENT',2009-12-04,b'77'
b'4',b'ms',2009-09-16,b'77'
b'4',b'MS Design',2009-09-11,b'77'
b'4',b'DMC',2009-08-03,b'77'
b'4',b'Bull Design',2009-07-15,b'77'
b'4',b'ALL CONDITIONS GEAR',2009-06-25,b'77'
b'4',b'TR1',2009-06-19,b'77'
b'4',b'TR1 & Design',2009-06-16,b'77'
b'4',b'EVERY ADVANTAGE EVERY CONDITION',2009-06-08,b'77'
b'4',b'CONSIDERED DESIGN',2009-05-22,b'77'
b'4',b'acG',2009-05-21,b'77'
b'4',b'SQ MACHSPEED Design',2009-04-23,b'77'
b'4',b'LACE UP. SAVE LIVES.',2009-04-20,b'77'
b'4',b'SWOOSH DESIGN MARCHIO FIGURATIVO IN CHIAROSCURO',2009-04-15,b'77'
b'4',b'NYX',2009-04-03,b'77'
b'4',b'SQ MACHSPEED',2009-03-27,b'77'
b'4',b'90',2009-03-24,b'77'
b'4',b'DUNKADELIC',2009-03-20,b'77'
b'4',b'SQ MachSpeed',2009-03-16,b'77'
b'4',b'GAME CHANGERS BEAT ANYTHING. CHANGE EVERYTHING.',2009-03-11,b'77'
b'4',b'AIR ZOOM VAPOR',2009-02-27,b'77'
b'4',b'ReUSE A SHOE',2009-02-23,b'77'
b'4',b'COR72Z',2009-02-06,b'77'
b'4',b'TOTAL90',2009-02-03,b'77'
b'4',b'TOTALNINETY',2009-02-03,b'77'
b'4',b'LUNARLITE',2008-11-27,b'77'
b'4',b'NIKEFIT',2008-11-14,b'77'
b'4',b'VICTORY RED',2008-11-14,b'77'
b'4',b'M\xc3\x89S',2008-11-10,b'77'
b'4',b'MADE BY ME',2008-10-31,b'77'
b'4',b'CANARINHO',2008-10-24,b'77'
b'4',b'OZ Design',2008-10-21,b'77'
b'4',b'SHOOX',2008-10-13,b'77'
b'4',b'STR8-FIT and Design',2008-10-02,b'77'
b'4',b'OZ',2008-09-26,b'77'
b'4',b'STR8-FIT',2008-09-26,b'77'
b'4',b'SQ DYMO',2008-09-26,b'77'
b'4',b'NIKE AEROGRAPHICS',2008-08-29,b'77'
b'4',b'VR',2008-08-25,b'77'
b'4',b'POWER PLATFORM',2008-08-20,b'77'
b'4',b'DRI-FIT COTTON TEE',2008-08-04,b'77'
b'4',b'MERCURIAL VAPOR',2008-07-22,b'77'
b'4',b'jeter',2008-07-21,b'77'
b'4',b'NIKE+ SPORTBAND MARCHIO VERBALE',2008-07-14,b'77'
b'4',b'SPARQ MARCHIO VERBALE',2008-07-14,b'77'
b'4',b'JORDAN MARCHIO VERBALE',2008-07-14,b'77'
b'4',b'NIKEWOMEN MARCHIO VERBALE',2008-07-14,b'77'
b'4',b'VAPOR MARCHIO VERBALE',2008-07-14,b'77'
b'4',b'SPORTBAND MARCHIO VERBALE',2008-07-14,b'77'
b'4',b'DYMO MARCHIO VERBALE',2008-07-14,b'77'
b'4',b'FIGURA DI SOLE STILIZZATA MARCHIO FIGURATIVO IN CHIARO SCURO',2008-07-14,b'77'
b'4',b'RF MARCHIO FIGURATIVO IN CHIARO SCURO',2008-07-14,b'77'
b'4',b'NIKE AIR MARCHIO FIGURATIVO IN CHIAROSCURO',2008-07-04,b'77'
b'4',b'NIKE MARCHIO FIGURATIVO IN CHIAROSCURO',2008-07-04,b'77'
b'4',b'G THE GIRL EFFECT',2008-07-02,b'77'
b'4',b'\xd8\xac\xd8\xb3\xd8\xaa \xd8\xaf\xd9\x88 \xd8\xa7\xd8\xaa',2008-06-19,b'77'
b'4',b'\xd9\x86\xd8\xa7\xd9\x8a\xd9\x83',2008-06-19,b'77'
b'4',b'\xd8\xac\xd8\xb3\xd8\xaa \xd8\xaf\xd9\x88\xd8\xa7\xd8\xaa',2008-06-19,b'77'
b'4',b'the girl effect & design',2008-06-12,b'77'
b'4',b'NYX & Swoosh Design',2008-06-12,b'77'
b'4',b'DRI-FIT COTTON TEE & Design',2008-06-09,b'77'
b'4',b'WAFFLE SANDAL',2008-06-02,b'77'
b'4',b'vapor',2008-06-02,b'77'
b'4',b'RF Design',2008-05-29,b'77'
b'4',b'DYMO',2008-05-23,b'77'
b'4',b'SPORTBAND',2008-05-20,b'77'
b'4',b'NIKE+SPORTBAND',2008-05-20,b'77'
b'5',b'CLOVER',2005-12-07,b'116'
b'5',b'No Verbal Elements',2005-12-07,b'116'
b'5',b'JOYFUL MEDLEY',2017-06-19,b'140'
b'5',b'STARBUCKS RESERVE',2017-06-16,b'140'
b'5',b'LOGO',2017-06-16,b'140'
b'5',b'STARBUCKS DRAFT',2017-04-27,b'140'
b'5',b'SIGNATURE CHOCOLATE',2016-12-08,b'140'
b'5',b'STARBUCKS COFFEE + LOGO',2016-12-08,b'140'
b'5',b'BODY + MIND',2016-06-28,b'140'
b'5',b'ASIAN DOLCE',2016-05-13,b'140'
b'5',b'DOLCE LATTE',2016-05-13,b'140'
b'5',b'SUMMER BERRY PANNA COTTA',2016-05-11,b'140'
b'5',b'MATCHA AND ESPRESSO FUSION',2016-05-02,b'140'
b'5',b'STARBUCKS REWARDS',2016-01-28,b'140'
b'5',b'YOUTHBERRY',2015-12-08,b'140'
b'5',b'PERFECTEA',2015-11-05,b'140'
b'5',b'1912 PIKE',2015-09-04,b'140'
b'5',b'LUKISAN',2015-08-19,b'140'
b'5',b'R',2015-07-22,b'140'
b'5',b'BUILDING A FUTURE WITH FARMERS',2015-03-20,b'140'
b'5',b'PEACH MOMOTARO',2015-02-03,b'140'
b'5',b'STARBUCKS REFRESHERS',2015-01-27,b'140'
b'5',b'KAPE VINTA BLEND',2014-11-03,b'140'
b'5',b'MUAN JAI',2014-11-03,b'140'
b'5',b'SOUTH OF THE CLOUDS BLEND',2014-11-03,b'140'
b'5',b'ORIGAMI',2014-10-27,b'140'
b'5',b'ROYAL ENGLISH BREAKFAST',2014-08-20,b'140'
b'5',b'CLOVER BREWED',2014-08-04,b'140'
b'5',b'TEAOPIA',2014-06-24,b'140'
b'5',b'EMPERORS CLOUDS & MIST',2014-06-04,b'140'
b'5',b'SAMURAI CHAI MATE',2014-06-02,b'140'
b'5',b'VIA',2014-05-20,b'140'
b'5',b'LOGO HACIENDA ALSACIA/DESIGN ONLY STARBUCK',2014-05-07,b'140'
b'5',b'PANTHEON',2014-05-02,b'140'
b'5',b'GRAVITAS',2014-05-02,b'140'
b'5',b'VERRE ILLUMINE',2014-04-23,b'140'
b'5',b'STARBUCKS FIZZIO',2014-03-24,b'140'
b'5',b'SOLUTIONS CITY',2014-03-07,b'140'
b'5',b'MAHARAJA',2014-03-03,b'140'
b'5',b'JADE CITRUS MINT',2014-02-25,b'140'
b'5',b'Bing Le',2014-02-25,b'140'
b'5',b'HACIENDA ALSACIA',2014-02-25,b'140'
b'5',b'TEAVANA',2014-02-21,b'140'
b'5',b'Karakter Cina Ba Ke',2014-02-19,b'140'
b'5',b'EXOTIC / RARE / EXQUISITE',2013-12-19,b'140'
b'5',b'STARBUCKS COFFEE',2013-12-19,b'140'
b'5',b'STARBUCKS',2013-12-16,b'140'
b'5',b'CAFFE VERONA',2013-12-12,b'140'
b'5',b'KATI KATI BLEND',2013-12-12,b'140'
b'5',b'STARBUCKS BREZZA BLEND',2013-12-12,b'140'
b'5',b'FRAPPUCCINO',2013-12-12,b'140'
b'5',b'CASI CIELO',2013-12-12,b'140'
b'5',b'LIGHTNOTE BLEND',2013-12-12,b'140'
b'5',b'KOMODO DRAGON BLEND',2013-12-12,b'140'
b'5',b'PIKE PLACE',2013-12-12,b'140'
b'5',b'AUTUMN BLEND',2013-12-12,b'140'
b'5',b'MASTRENA',2013-12-11,b'140'
b'5',b'NEVER BE WITHOUT GREAT COFFEE',2013-12-11,b'140'
b'5',b'BEARISTA',2013-12-11,b'140'
b'5',b'STARBUCKS VIA',2013-12-11,b'140'
b'5',b'DOUBLESHOT',2013-12-11,b'140'
b'5',b'DISCOVERIES',2013-12-11,b'140'
b'5',b'SHARED PLANET',2013-12-11,b'140'
b'5',b'TEAVANA HEAVEN OF TEA + LOGO',2013-11-20,b'140'
b'5',b'LOGO/Figuratif',2013-11-20,b'140'
b'5',b'TEAVANA HEAVEN OF TEA',2013-10-31,b'140'
b'5',b'TRIBUTE BLEND',2013-10-18,b'140'
b'5',b'LOGO O',2013-09-24,b'140'
b'5',b'Lukisan',2013-08-13,b'140'
b'5',b'ARIA BLEND',2013-07-30,b'140'
b'5',b'PSL',2013-03-27,b'140'
b'5',b'BIG HAT BLEND',2013-03-19,b'140'
b'5',b'STARBUCKS DISCOVERIES ICED CAFE FAVORITES',2013-01-22,b'140'
b'5',b'STEEP. SIP. EXPLORE',2012-12-19,b'140'
b'5',b'VERISMO',2012-12-14,b'140'
b'5',b'MY STARBUCKS REWARDS',2012-12-10,b'140'
b'5',b'STARBUCKS REFRESHA',2012-11-23,b'140'
b'5',b'CLOVERNET',2012-11-13,b'140'
b'5',b'STARBUCKS DOUBLESHOT',2012-10-11,b'140'
b'5',b'STARBUCKS DUBLESHOT',2012-10-11,b'140'
b'5',b'TAZOBERRY',2012-10-04,b'140'
b'5',b'KITAMU',2012-10-04,b'140'
b'5',b'BERRYBLOSSOM WHITE',2012-10-04,b'140'
b'5',b'STARBUCKS ORIGAMI',2012-10-04,b'140'
b'5',b'YUKO BLEND',2012-09-18,b'140'
b'5',b'VENTI',2012-09-18,b'140'
b'5',b'GOLD COAST BLEND',2012-09-18,b'140'
b'5',b'BARISTA',2012-09-18,b'140'
b'5',b'GAZEBO BLEND',2012-09-18,b'140'
b'5',b'FRAPPICCINO',2012-09-18,b'140'
b'5',b'STARBUKCS BARISTA',2012-09-18,b'140'
b'5',b'FRAPPUCINO',2012-09-18,b'140'
b'5',b'DOPPIO',2012-09-18,b'140'
b'5',b'HORA DEL CAF\xc3\x89 BLEND',2012-09-12,b'140'
b'5',b'STARBRIGHT',2012-08-14,b'140'
b'5',b'Logo',2012-08-14,b'140'
b'5',b'LOGO V',2012-08-08,b'140'
b'5',b'V',2012-07-19,b'140'
b'5',b'STARBUCKS BLONDE',2012-05-23,b'140'
b'5',b'R + LUKISAN BINTANG',2012-04-04,b'140'
b'5',b'ANY WAY YOU BREW IT',2012-03-22,b'140'
b'5',b'TAZO',2012-03-12,b'140'
b'5',b'STARBUCKS WILLOW BLEND',2011-09-20,b'140'
b'5',b'STARBUCKS VERANDA BLEND',2011-09-20,b'140'
b'5',b'VERANDA BLEND',2011-09-14,b'140'
b'5',b'YUKON BLEND',2011-07-26,b'140'
b'5',b'STARBUCKS BARISTA',2011-07-25,b'140'
b'5',b'BUCKS KITCHEN',2011-06-08,b'140'
b'5',b'STARBUCKS TRIBUTE BLEND',2011-04-29,b'140'
b'5',b'STARDUCK + LOGO',2011-03-31,b'140'
b'5',b'READY BREW',2010-12-14,b'140'
b'5',b'STARBLEND COFFEE',2010-06-11,b'140'
b'5',b'STARBUCKS COFFEE TEA',2010-04-06,b'140'
b'5',b'ETHOS',2009-10-05,b'140'
b'5',b'LOGO BUNGA',2008-08-21,b'140'
b'5',b'STARBUCKS + LUKISAN',2006-09-20,b'140'
b'5',b'CREAMICE',2006-09-05,b'140'
b'5',b'AFRICA KITAMU',2006-09-05,b'140'
b'5',b'CAFE ESTIMA BLEND',2005-10-14,b'140'
b'5',b'BLACK APRON EXLUSIVES',2005-08-11,b'140'
b'5',b'HEAR MUSIC',2005-03-14,b'140'
b'5',b'CHANTICO',2004-10-20,b'140'
b'5',b'MAGISTRALE',2004-10-20,b'140'
b'5',b'GUATEMALA CASI CIELO',2004-04-08,b'140'
b'5',b'PRAPPUCCINO',2004-03-10,b'140'
b'5',b'VRAPPUCCINO',2004-03-10,b'140'
b'5',b'teavana',2013-11-07,b'140'
b'5',b'Starbucks',2005-02-14,b'140'
b'5',b'Frappuccino',2003-01-31,b'140'
b'5',b'Starbucks coffee',2003-01-31,b'140'
b'5',b'STARBUCKS DOUBLESHOT INTENSO',2019-04-17,b'140'
b'5',b'sirens blend siren',2019-03-22,b'140'
b'5',b'SIRENS BLEND',2019-03-21,b'140'
b'5',b'SUNRISE BLEND',2018-10-01,b'140'
b'5',b'tribute blend',2018-09-21,b'140'
b'5',b'ARRIVIAMO',2018-08-21,b'140'
b'5',b'MIXATO',2018-08-21,b'140'
b'5',b'SPRING SEASON BLEND',2018-08-20,b'140'
b'5',b'spring season blend',2018-08-16,b'140'
b'5',b'TRIPLESHOT',2018-08-16,b'140'
b'5',b'STARBUCKS SPRING SEASON BLEND',2018-08-16,b'140'
b'5',b'PANTHEON BLEND',2018-08-14,b'140'
b'5',b'BAR MIXATO',2018-06-18,b'140'
b'5',b'STARBUCKS TRIPLESHOT',2018-06-18,b'140'
b'5',b'ARRIVIAMO BAR',2018-06-18,b'140'
b'5',b'/R PANTHEON BLEND - Marchio figurativo composto dal disegno di una stella al di sotto della quale appare la lettera',2018-05-03,b'140'
b'5',b'/R PARADEISI BLEND - Marchio figurativo composto dal disegno di una stella al di sotto della quale appare la lettera',2018-05-03,b'140'
b'5',b'/R GRAVITAS BLEND - Marchio figurativo composto dal disegno di una stella al di sotto della quale appare la lettera',2018-05-03,b'140'
b'5',b'R PARADEISI BLEND',2018-05-03,b'140'
b'5',b'R PANTHEON BLEND',2018-05-03,b'140'
b'5',b'R GRAVITAS BLEND',2018-05-03,b'140'
b'5',b'BLONDE',2018-03-15,b'140'
b'5',b'AQUA TAMP',2018-03-07,b'140'
b'5',b'GREENER APRON',2018-01-21,b'140'
b'5',b'STRATO',2017-12-04,b'140'
b'5',b'GRAVITAS BLEND',2017-11-30,b'140'
b'5',b'VISTA VERDE BLEND',2017-11-16,b'140'
b'5',b'UNICORN FRAPPUCCINO',2017-11-01,b'140'
b'5',b'FIZZIO',2017-10-20,b'140'
b'5',b'FONTANA',2017-07-24,b'140'
b'5',b'R figurativo',2017-07-19,b'140'
b'5',b'JUNTOS DAMOS LO BUENO',2017-07-17,b'140'
b'5',b'BEACH BELLINI',2017-07-12,b'140'
b'5',b'teavana joyful medley',2017-06-19,b'140'
b'5',b'Starbucks Reserve Star & R design only',2017-06-19,b'140'
b'5',b'TEAVANA JOYFUL MEDLEY',2017-06-19,b'140'
b'5',b'r',2017-06-15,b'140'
b'5',b'NITRO',2017-06-13,b'140'
b'5',b'NEVER BE WHITHOUT GREAT COFFEE',2017-04-26,b'140'
b'5',b'EMPERORS CLOUD & MIST',2017-04-26,b'140'
b'5',b'\xd8\xb3\xd8\xaa\xd8\xa7\xd8\xb1\xd8\xa8\xd9\x83\xd8\xb3 \xd9\x83\xd8\xa7\xd9\x82\xd9\x8a\xd9\x87',2017-04-26,b'140'
b'5',b'\xd8\xa8\xd9\x8a\xd9\x86\xd9\x8a\xd8\xa8\xd9\x84\xd8\x8c \xd9\x83\xd9\x88\xd9\x86\xd8\xa7 \xd8\xa8\xd9\x88\xd8\xa8',2017-04-24,b'140'
b'5',b'\xd9\x84\xd8\xa7\xd9\x81\xd9\x86\xd8\xaf\xd8\xb1 \xd8\xaf\xd8\xb1\xd9\x8a\xd9\x85\xd8\xb2',2017-04-24,b'140'
b'5',b'\xd8\xaa\xd9\x8a\xd9\x81\xd8\xa7\xd9\x86\xd8\xa7 \xd8\xb3\xd9\x86\xd9\x88 \xd8\xac\xd9\x8a\xd8\xb4\xd8\xa7',2017-04-24,b'140'
b'5',b'\xd8\xa8\xd9\x84\xd8\xa7\xd9\x83\xd8\xa8\xd9\x8a\xd8\xb1\xd9\x8a \xd9\x85\xd9\x88\xd8\xac\xd9\x8a\xd8\xaa\xd9\x88',2017-04-24,b'140'
b'5',b'\xd8\xa3\xd9\x88\xd8\xa8\xd9\x88\xd8\xb3 \xd8\xb1\xd9\x88\xd8\xac',2017-04-24,b'140'
b'5',b'\xd8\xaa\xd8\xb1\xd8\xa7\xd9\x86\xd8\xac\xd9\x88\xd9\x8a\xd9\x84 \xd8\xaf\xd8\xb1\xd9\x8a\xd9\x85\xd8\xb2',2017-04-24,b'140'
b'5',b'\xd8\xb3\xd8\xa7\xd9\x83\xd9\x88\xd8\xb1\xd8\xa7 \xd8\xa3\xd9\x84\xd9\x88\xd8\xb1',2017-04-24,b'140'
b'5',b'\xd9\x88\xd9\x88\xd8\xaa\xd8\xb1\xd9\x85\xd9\x8a\xd9\x84\xd9\x88\xd9\x86 \xd9\x85\xd9\x86\xd8\xaa \xd8\xb4\xd9\x8a\xd9\x84\xd8\xb1',2017-04-24,b'140'
b'5',b'SERENADE',2017-04-18,b'140'
b'5',b'TEAVANA SNOW GEISHA',2017-04-17,b'140'
b'5',b'STRAWBERRY PARAISO',2017-04-12,b'140'
b'5',b'SAKURA ALLURE',2017-04-12,b'140'
b'5',b'DRAGONFRUIT DEVOTION',2017-04-12,b'140'
b'5',b'DOSHA CHAI',2017-04-12,b'140'
b'5',b'EVOLUTION FRESH',2017-04-11,b'140'
b'5',b'PASSION TANGO',2017-04-03,b'140'
b'5',b'ESPRESSO CLOUD',2017-03-21,b'140'
b'5',b'STARBUCKS COFFEE Design',2017-03-04,b'140'
b'5',b'TRUE NORTH',2016-12-28,b'140'
b'5',b'%&$',2016-11-04,b'140'
b'5',b'STARBUCKS SINGLE-ORIGIN SERIES Design',2016-10-25,b'140'
b'5',b'STARBUCKS COFFEE AND TEA',2016-10-18,b'140'
b'5',b'INFUSIA',2016-10-05,b'140'
b'5',b'4OTH ANNIVERSARY SIREN DESIGN',2016-08-25,b'140'
b'5',b'STARBUCKS COFFEE & DESIGN',2016-08-25,b'140'
b'5',b'STABAKS',2016-07-05,b'140'
b'5',b'STARBUCKS RESERVE STAR & R Design',2016-06-14,b'140'
b'5',b'STABUC',2016-06-10,b'140'
b'5',b'AFFOGATO STRATO',2016-05-16,b'140'
b'5',b'TEAVANA MATCHA AND ESPRESSO FUSION',2016-04-29,b'140'
b'5',b'Green Apron',2016-04-27,b'140'
b'5',b'Green Apron with Siren',2016-04-27,b'140'
b'5',b'Green Apron 3D',2016-04-26,b'140'
b'5',b'Green Apron 3D with Siren',2016-04-26,b'140'
b'5',b'TEAVANAMATCHAANDESPRESSOFUSION',2016-04-21,b'140'
b'5',b'SPEAKAPP',2016-04-13,b'140'
b'5',b'40th Anniversary Siren Design',2016-04-08,b'140'
b'5',b'40th Anniversary Siren Color Design',2016-04-08,b'140'
b'5',b'STARBUCKS TEAVANA',2016-03-09,b'140'
b'5',b'xing ba ke zhen xuan',2016-02-22,b'140'
b'5',b'MAT\xc3\x89VANA',2016-02-02,b'140'
b'5',b'ROOIBOS TROPICA',2016-02-02,b'140'
b'5',b'SPICE OF LIFE',2016-02-02,b'140'
b'5',b'PRECIOUS WHITE PEACH',2016-02-02,b'140'
b'5',b'STRAWBERRY SLENDER',2016-02-02,b'140'
b'5',b'STARBUCKS REWARDS Design',2016-01-25,b'140'
b'5',b'ethos',2016-01-22,b'140'
b'5',b'RASPBERRY RIOT',2015-12-15,b'140'
b'5',b'STARBUCKSRESERVER',2015-12-07,b'140'
b'5',b'TEAVANA EMPEROR\xc2\xb4S CLOUDS AND MIST',2015-11-23,b'140'
b'5',b'youthberry youth berry',2015-11-16,b'140'
b'5',b'emperors clouds & mist',2015-11-16,b'140'
b'5',b'TEAVANAEMPERORSCLOUDSANDMIST',2015-11-16,b'140'
b'5',b'CAPPUCHILLIO',2015-10-22,b'140'
b'5',b'STARBUCKS ON THE GO',2015-10-02,b'140'
b'5',b'perfectea perfect',2015-09-30,b'140'
b'5',b'MOBILE ORDER & PAY',2015-09-02,b'140'
b'5',b'1912 pike',2015-08-31,b'140'
b'5',b'.',2015-08-20,b'140'
b'5',b'TVANA',2015-08-13,b'140'
b'5',b'TIVANA',2015-08-13,b'140'
b'5',b'THIVANA',2015-08-13,b'140'
b'5',b'Starbucks Reserve Star & R',2015-07-28,b'140'
b'5',b'starbucks reserve',2015-07-21,b'140'
b'5',b'R STAR',2015-07-16,b'140'
b'5',b'STARBUCKS COFFEE DECAF',2015-04-08,b'140'
b'5',b'building future with farmers',2015-03-12,b'140'
b'5',b'\xd8\xa8\xd9\x8a\xd8\xaa\xd8\xb4 \xd9\x85\xd9\x88\xd9\x85\xd9\x88\xd8\xaa\xd8\xa7\xd8\xb1\xd9\x88',2015-03-01,b'140'
b'5',b'KOPELANI BLEND',2015-02-20,b'140'
b'5',b'MY MORNING MAT\xc3\x89',2015-02-20,b'140'
b'5',b'M\xc3\x89LANGE DE LACTION DE GR\xc3\x82CE STARBUCKS',2015-02-20,b'140'
b'5',b'STARBUCKS DECAF',2015-02-18,b'140'
b'5',b'BLACK APRON EXCLUSIVES',2015-01-22,b'140'
b'5',b'frapppuccino',2014-11-26,b'140'
b'5',b'M\xc3\x89LANGE KATI KATI',2014-11-25,b'140'
b'5',b'M\xc3\x89LANGE CIEL RADIEUX',2014-10-15,b'140'
b'5',b'40th Anniversary Siren design in logo',2014-09-22,b'140'
b'5',b'40TH ANNIVERSARY SIREN DESIGN IN COLOUR',2014-09-19,b'140'
b'5',b'40 TH ANNIVERSARY SIREN DESIGN Black &white',2014-09-19,b'140'
b'5',b'40TH ANNIVERSARY SIREN DESIGN Black &white',2014-09-19,b'140'
b'5',b'\xd8\xa8\xd9\x8a\xd8\xaa\xd8\xb4 \xd8\xaa\xd8\xb1\xd8\xa7\xd9\x86\xd9\x83\xd9\x88\xd9\x8a\xd9\x84\xd9\x8a\xd8\xaa\xd9\x8a',2014-08-31,b'140'
b'5',b'\xd8\xa8\xd9\x84\xd9\x88\xd8\xa8\xd9\x8a\xd8\xb1\xd9\x8a \xd8\xa8\xd9\x84\xd9\x8a\xd8\xb3',2014-08-31,b'140'
b'5',b'qi zhi le',2014-08-26,b'140'
b'5',b'BLUEBERRY BLISS',2014-08-26,b'140'
b'5',b'PEACH TRANQUILITY',2014-08-26,b'140'
b'5',b'STARBUCKS RESERVE STAR & R DESIGN',2014-08-14,b'140'
b'5',b'Seren Device',2014-08-14,b'140'
b'5',b'BREZZA BLEND',2014-08-14,b'140'
b'5',b'CLOVER LEAF DEVICE',2014-08-11,b'140'
b'5',b'TEAVANA SEATED FIGURE DESIGN',2014-08-11,b'140'
b'5',b'HACIENDA ALSACIA Design',2014-06-27,b'140'
b'5',b'TEAVANA VERRE ILLUMINE',2014-06-23,b'140'
b'5',b'BRIGHT SKY BLEND',2014-06-18,b'140'
b'5',b'STARBUCKS VIA INSTANT LATTE',2014-06-18,b'140'
b'5',b'STARBUCKS VIA INSTANT',2014-06-18,b'140'
b'5',b'STARBUCKS VIA INSTANT REFRESHERS',2014-06-18,b'140'
b'5',b'VENTI VAN',2014-06-11,b'140'
b'5',b'teaopia',2014-06-09,b'140'
b'5',b'STEEP YOUR SOUL',2014-05-23,b'140'
b'5',b'TO LIFE',2014-05-23,b'140'
b'5',b'\xd8\xb3\xd8\xaa\xd9\x8a\xd8\xa8 \xd9\x8a\xd9\x88\xd8\xb1 \xd8\xb3\xd9\x88\xd9\x84',2014-05-22,b'140'
b'5',b'\xd8\xa3\xd9\x88\xd8\xa8\xd9\x86\xd9\x86\xd8\xba \xd8\xb0\xd9\x8a \xd8\xaf\xd9\x88\xd8\xb1\xd8\xb2 \xd8\xaa\xd9\x88 \xd9\x87\xd9\x8a\xd9\x84\xd8\xab \xd9\x88\xd9\x8a\xd8\xb3\xd8\xaf\xd9\x88\xd9\x85 \xd8\xa3\xd9\x86\xd8\xaf \xd9\x87\xd8\xa7\xd8\xa8\xd9\x8a\xd9\x86\xd9\x8a\xd8\xb3',2014-05-22,b'140'
b'5',b'\xd9\x81\xd9\x8a\xd8\xb1\xd9\x8a \xd8\xa7\xd9\x8a\xd9\x84\xd9\x8a\xd9\x88\xd9\x85\xd9\x8a\xd9\x86',2014-05-22,b'140'
b'5',b'OPENING THE DOORS TO HEALTH WISDOM AND HAPPINESS',2014-05-13,b'140'
b'5',b'\xd8\xa8\xd8\xa7\xd8\xb3\xd9\x8a\xd9\x88\xd9\x86 \xd8\xaa\xd8\xa7\xd9\x86\xd8\xba\xd9\x88',2014-05-05,b'140'
b'5',b'hacienda alsacia',2014-05-03,b'140'
b'5',b'N',2014-05-02,b'140'
b'5',b'H',2014-04-28,b'140'
b'5',b'starbucks fizzio',2014-03-19,b'140'
b'5',b'STARBUCK FIZZIO',2014-03-19,b'140'
b'5',b'EMPEROR`S CLOUD & MIST',2014-03-17,b'140'
b'5',b'\xd8\xb3\xd8\xa7\xd9\x85\xd9\x88\xd8\xb1\xd8\xa7\xd9\x8a \xd8\xb4\xd8\xa7\xd9\x8a \xd9\x85\xd9\x8a\xd8\xaa',2014-03-05,b'140'
b'5',b'\xd8\xa7\xd9\x85\xd8\xa8\xd9\x8a\xd8\xb1\xd9\x88\xd8\xb1\xd8\xb2 \xd9\x83\xd9\x84\xd8\xa7\xd9\x88\xd8\xaf\xd8\xb3 \xd8\xa3\xd9\x86\xd8\xaf \xd9\x85\xd8\xb3\xd8\xaa',2014-03-05,b'140'
b'5',b'\xd9\x85\xd9\x87\xd8\xb1\xd8\xa7\xd8\xac\xd8\xa7',2014-03-04,b'140'
b'5',b'\xd9\x8a\xd9\x88\xd8\xab\xd8\xa8\xd8\xb1\xd9\x8a',2014-02-23,b'140'
b'5',b'\xd8\xac\xd8\xa7\xd8\xaf\xd9\x8a \xd8\xb3\xd9\x8a\xd8\xaa\xd8\xb1\xd9\x88\xd8\xb3 \xd9\x85\xd9\x8a\xd9\x86\xd8\xaa',2014-02-13,b'140'
b'5',b'teayana',2014-01-28,b'140'
b'5',b'Fig.',2014-01-15,b'140'
b'5',b'\xd9\x85\xd9\x86\xd8\xaa \xd9\x85\xd8\xa7\xd8\xac\xd8\xb3\xd8\xaa\xd9\x8a',2013-12-19,b'140'
b'5',b'MINT MAJESTY',2013-12-18,b'140'
b'5',b'Siren Blade Design',2013-12-09,b'140'
b'5',b'Leaf and Bean Design',2013-12-09,b'140'
b'5',b'Cup and Stars',2013-12-09,b'140'
b'5',b'40th Aniversary Siren design',2013-12-09,b'140'
b'5',b'Starbucks Reserve',2013-12-09,b'140'
b'5',b'cha wa na',2013-11-26,b'140'
b'5',b'Teavana Seated Figure Design',2013-11-25,b'140'
b'5',b'kape vinta blend',2013-11-13,b'140'
b'5',b'Figure device seated TEAVANA',2013-11-08,b'140'
b'5',b'\xd8\xaa\xd9\x8a\xd9\x81\xd8\xa7\xd9\x86\xd8\xa7 \xd9\x87\xd8\xa7\xd9\x81\xd9\x86 \xd8\xa3\xd9\x81 \xd8\xaa\xd9\x8a',2013-11-07,b'140'
b'5',b'Teavana',2013-11-06,b'140'
b'5',b'teavana heaven of tea',2013-11-01,b'140'
b'5',b'STARBUCKS CAFFE VERONA',2013-11-01,b'140'
b'5',b'FIGURE SEATED TEAVAN',2013-10-31,b'140'
b'5',b'Teavana Seated Figure',2013-10-29,b'140'
b'5',b'starbucks brezza blend',2013-10-23,b'140'
b'5',b'PINEAPPLE KONA POP',2013-10-17,b'140'
b'5',b'READY CRAFTED',2013-10-07,b'140'
b'5',b'BUCKS',2013-10-03,b'140'
b'5',b'TEAVANA HEAVEN OF TEA & DESIGN',2013-05-08,b'140'
b'5',b'\xd8\xaa\xd9\x8a\xd9\x81\xd8\xa7\xd9\x86\xd8\xa7',2013-04-25,b'140'
b'5',b'kati kati blend',2013-04-24,b'140'
b'5',b'STARBUCKS KATI KATI BLEND',2013-04-10,b'140'
b'5',b'MELANGE NORDIQUE',2013-04-09,b'140'
b'5',b'EL ESPINO',2013-03-08,b'140'
b'5',b'40TH ANNIVERSARY SIREN',2013-02-25,b'140'
b'5',b'STARBUCKS THANKSGIVING BLEND',2013-02-25,b'140'
b'5',b'SERENA ORGANIC BLEND',2013-02-22,b'140'
b'5',b'TRIMOXOL',2013-02-19,b'140'
b'5',b'STARBUCKS TRUE NORTH BLEND',2013-02-15,b'140'
b'5',b'doubleshot',2013-01-31,b'140'
b'5',b'discoveries',2013-01-31,b'140'
b'5',b'STARBUCKS DISCOVERIES',2013-01-23,b'140'
b'5',b'STEEP. SIP. EXPLORE.',2012-12-19,b'140'
b'5',b'verismo',2012-11-27,b'140'
b'5',b'Cup Design 2012 two sided',2012-11-13,b'140'
b'5',b'Cup Design 2012 one sided',2012-11-13,b'140'
b'5',b'STARBUCKS Design',2012-11-07,b'140'
b'5',b'STARBUCKS COFFEE Design',2012-11-07,b'140'
b'5',b'CUSTOM ROAST ROASTED BY STARBUCKS COFFEE CO.',2012-10-03,b'140'
b'5',b'STARBUCKS CREAMICE',2012-09-26,b'140'
b'5',b'STARBUCKS COFFEEHOUSE FLAVORS',2012-08-24,b'140'
b'5',b'starbucks',2012-08-22,b'140'
b'5',b'40th Anniversary Siren Design',2012-08-17,b'140'
b'5',b'v',2012-07-17,b'140'
b'5',b'V Stylized',2012-07-13,b'140'
b'5',"b'IL MARCHIO CONSISTE NELLA PAROLA STARBUCKS; TALE MARCHIO POTR\xc3\x80 ESSERE RIPRODOTTO IN QUALSIASI DIMENSIONE, COLORE E CARATTERE DI STAMPA. MARCHIO'",2012-07-10,b'140'
b'5',b'REFRESHER GREEN BEAN Design',2012-06-05,b'140'
b'5',b'Bing Yao Qin Shuang',2012-05-29,b'140'
b'5',b'starbucks refreshers',2012-05-21,b'140'
b'5',b'autumn blend',2012-03-27,b'140'
b'5',b'STARBUCKS RESERVE STAR & R DESIGN',2012-03-27,b'140'
b'5',b'DUETTO',2012-03-14,b'140'
b'5',b'QANDI',2012-03-14,b'140'
b'5',b'AZTLAN',2012-03-14,b'140'
b'5',b'STARBUCKS NATURAL FUSIONS',2012-03-13,b'140'
b'5',b'STARBUCKS COFFEE FUSIONS',2012-03-13,b'140'
b'5',"b'IL MARCHIO CONSISTE NELLA DICITURA VERISMO COMUNQUE SCRITTA. IL MARCHIO POTR\xc3\x80 ESSERE RIPRODOTTO IN QUALSIASI DIMENSIONE, COLORE E CARATTERE DI'",2012-03-08,b'140'
b'5',b'CLOVER LEAF DESIGN ONLY',2012-03-06,b'140'
b'5',b'TEA WALL',2012-02-13,b'140'
b'5',b'EQUATRADE',2012-02-13,b'140'
b'5',b'WALL OF TEA',2012-02-13,b'140'
b'5',b'WEIGHT TO GO!',2012-02-13,b'140'
b'5',b'SLIMFUL CHOCOLATE DECADENCE OOLONG TEA',2012-02-13,b'140'
b'5',b'INTOTEAS',2012-02-13,b'140'
b'5',b'HEAVEN OF TEA',2012-02-13,b'140'
b'5',b'TOLIFE WHITE TEA',2012-02-13,b'140'
b'5',b'PERFECT TEA',2012-02-13,b'140'
b'5',b'TEAFREEZA',2012-02-13,b'140'
b'5',b'BLACK DRAGON PEARL',2012-02-13,b'140'
b'5',b'LAVENDER DREAMS',2012-02-13,b'140'
b'5',b'STARBUCKS VIA READY BREW',2012-01-09,b'140'
b'5',"b'IL MARCHIO CONSISTE NELLA DICITURA PIKE PLACE COMUNQUE SCRITTA. IL MARCHIO POTR\xc3\x80 ESSERE RIPRODOTTO IN QUALSIASI DIMENSIONE, COLORE E CARATTERE'",2011-12-23,b'140'
b'5',b'IL MARCHIO CONSISTE NELLA DICITURA STARBUCKS COFFEE IN CARATTERI DI FANTASIA. IL MARCHIO POTR\xc3\x80 ESSERE RIPRODOTTO IN QUALSIASI DIMENSIONE E',2011-12-23,b'140'
b'5',"b'IL MARCHIO CONSISTE NELLA PAROLA BEARISTA COMUNQUE SCRITTA. IL MARCHIO POTR\xc3\x80 ESSERE RIPRODOTTO IN QUALSIASI DIMENSIONE, COLORE E CARATTERE DI'",2011-12-23,b'140'
b'5',"b'IL MARCHIO CONSISTE NELLA PAROLA STARBUCKS COMUNQUE SCRITTA. IL MARCHIO POTR\xc3\x80 ESSERE RIPRODOTTO IN QUALSIASI DIMENSIONE, COLORE E CARATTERE DI'",2011-12-23,b'140'
b'5',"b'IL MARCHIO CONSISTE NELLA DICITURA CAFFE VERONA COMUNQUE SCRITTA. IL MARCHIO POTR\xc3\x80 ESSERE RIPRODOTTO IN QUALSIASI DIMENSIONE, COLORE E CARATTERE'",2011-12-23,b'140'
b'5',"b'IL MARCHIO CONSISTE NELLA DICITURA READY BREW COMUNQUE SCRITTA. IL MARCHIO POTR\xc3\x80 ESSERE RIPRODOTTO IN QUALSIASI DIMENSIONE, COLORE E CARATTERE'",2011-12-23,b'140'
b'5',"b'IL MARCHIO CONSISTE NELLA DICITURA STARBUCKS DOUBLESHOT COMUNQUE SCRITTA. IL MARCHIO POTR\xc3\x80 ESSERE RIPRODOTTO IN QUALSIASI DIMENSIONE, COLORE E CARATTERE'",2011-12-23,b'140'
b'5',"b'IL MARCHIO CONSISTE NELLA DICITURA STARBUCKS BLONDE COMUNQUE SCRITTA. IL MARCHIO POTR\xc3\x80 ESSERE RIPRODOTTO IN QUALSIASI DIMENSIONE, COLORE E CARATTERE'",2011-12-23,b'140'
b'5',"b'IL MARCHIO CONSISTE NELLA DICITURA GAZEBO BLEND COMUNQUE SCRITTA. IL MARCHIO POTR\xc3\x80 ESSERE RIPRODOTTO IN QUALSIASI DIMENSIONE, COLORE E CARATTERE'",2011-12-23,b'140'
b'5',"b'IL MARCHIO CONSISTE NELLA PAROLA VERISMO COMUNQUE SCRITTA. IL MARCHIO POTR\xc3\x80 ESSERE RIPRODOTTO IN QUALSIASI DIMENSIONE, COLORE E CARATTERE DI STAMPA'",2011-12-23,b'140'
b'5',"b'IL MARCHIO CONSISTE NELLA DICITURA KITAMU COMUNQUE SCRITTA. IL MARCHIO POTR\xc3\x80 ESSERE RIPRODOTTO IN QUALSIASI DIMENSIONE, COLORE E CARATTERE DI'",2011-12-23,b'140'
b'5',"b'IL MARCHIO CONSISTE NELLA DICITURA STARBUCKS COFFEE COMUNQUE SCRITTA. IL MARCHIO POTR\xc3\x80 ESSERE RIPRODOTTO IN QUALSIASI DIMENSIONE, COLORE E CARATTERE'",2011-12-23,b'140'
b'5',"b'IL MARCHIO CONSISTE NELLA PAROLA FRAPPUCCINO COMUNQUE SCRITTA. IL MARCHIO POTR\xc3\x80 ESSERE RIPRODOTTO IN QUALSIASI DIMENSIONE, COLORE E CARATTERE DI'",2011-12-23,b'140'
b'5',"b'IL MARCHIO CONSISTE NELLA DICITURA STARBUCKS BARISTA COMUNQUE SCRITTA. IL MARCHIO POTR\xc3\x80 ESSERE RIPRODOTTO IN QUALSIASI DIMENSIONE, COLORE E CARATTERE DI'",2011-12-23,b'140'
b'5',"b'IL MARCHIO CONSISTE NELLA DICITURA STARBUCKS COFFEE , COME DA ESEMPLARE ALLEGATO MARCHIO FIGURATIVO'",2011-12-23,b'140'
b'5',"b'IL MARCHIO CONSISTE NELLA DICITURA GOLD COAST BLEND COMUNQUE SCRITTA. IL MARCHIO POTR\xc3\x80 ESSERE RIPRODOTTO IN QUALSIASI DIMENSIONE, COLORE E'",2011-12-23,b'140'
b'5',"b'IL MARCHIO CONSISTE NELLA DICITURA CASI CIELO COMUNQUE SCRITTA. IL MARCHIO POTR\xc3\x80 ESSERE RIPRODOTTO IN QUALSIASI DIMENSIONE, COLORE E CARATTERE DI'",2011-12-23,b'140'
b'5',b'IL MARCHIO CONSISTE NELLA DICITURA STARBUCKS IN CARATTERI DI FANTASIA. IL MARCHIO POTR\xc3\x80 ESSERE RIPRODOTTO IN QUALSIASI DIMENSIONE E COLORE',2011-12-23,b'140'
b'5',"b'IL MARCHIO CONSISTE NELLA DICITURA LIGHTNOTE BLEND COMUNQUE SCRITTA. IL MARCHIO POTR\xc3\x80 ESSERE RIPRODOTTO IN QUALSIASI DIMENSIONE, COLORE E CARATTERE DI'",2011-12-23,b'140'
b'5',"b'IL MARCHIO CONSISTE NELLA DICITURA CAFE ESTIMA BLEND COMUNQUE SCRITTA. IL MARCHIO POTR\xc3\x80 ESSERE RIPRODOTTO IN QUALSIASI DIMENSIONE, COLORE E'",2011-12-23,b'140'
b'5',b'IL MARCHIO CONSISTE NELLA DICITURA DI FANTASIA STARBUCKS WILLOW BLEND COMUNQUE SCRITTA. IL MARCHIO POTR\xc3\x80 ESSERE RIPRODOTTO IN QUALSIASI DIMENSIONE.',2011-09-19,b'140'
b'5',"b'IL MARCHIO CONSISTE NELLA DICITURA DI FANTASIA STARBUCKS VERANDA BLEND COMUNQUE SCRITTA. IL MARCHIO POTR\xc3\x80 ESSERE RIPRODOTTO IN QUALSIASI DIMENSIONE,'",2011-09-19,b'140'
b'5',b'starbucks veranda blend',2011-09-15,b'140'
b'5',b'origami',2011-09-15,b'140'
b'5',b'starbucks willow blend',2011-09-15,b'140'
b'5',b'my starbucks rewards',2011-09-13,b'140'
b'5',b'SRCH',2011-09-07,b'140'
b'5',b'FREDDOCCINO',2011-09-01,b'140'
b'5',b'TEAYANA \xd8\xaa\xd9\x8a \xd9\x8a\xd8\xa7\xd9\x86\xd8\xa7',2011-08-11,b'140'
b'5',b'starbucks blonde',2011-07-29,b'140'
b'5',b'\xd8\xaa\xd9\x8a \xd9\x8a\xd8\xa7\xd9\x86\xd8\xa7',2011-07-25,b'140'
b'5',b'ANNIVERSARY SIREN',2011-05-30,b'140'
b'5',"b'IL MARCHIO CONSISTE NELLA RAPPRESENTAZIONE STILIZZATA DI UNA SIRENA INSCRITTA IN UN IMPRONTA CIRCOLARE, COME DA ESEMPLARE ALLEGATO. IL MARCHIO POTR\xc3\x80'",2011-05-04,b'140'
b'5',b'SIREN DESIGN',2011-03-24,b'140'
b'5',b'STARBUCKS AUTUMN BLEND',2011-03-01,b'140'
b'5',b'STARBUCKS RESERVE STAR & R DESIGN ONLY',2011-01-28,b'140'
b'5',b'\xd7\xa1\xd7\x98\xd7\x90\xd7\xa8\xd7\x91\xd7\xa7\xd7\xa1',2010-11-01,b'140'
b'5',b'starbucks via',2010-09-09,b'140'
b'5',b'via',2010-09-09,b'140'
