number,corpid,subsidiaries
1,1,Amazon Services LLC
2,1,Amazon Digital Services LLC
3,1,"Amazon.com Services, Inc."
4,1,"Amazon.com Intl Sales, Inc."
5,1,"Amazon Technologies, Inc."
6,1,Amazon.com Inc.
7,2,"Home Depot U.S.A., Inc."
8,2,"Home Depot International, Inc."
9,2,"HD Development Holdings, Inc."
10,2,"HD Development of Maryland, Inc."
11,2,"Home Depot Product Authority, LLC"
12,2,"Home Depot of Canada, Inc."
13,2,Home Depot Inc.
14,3,McCafe
15,3,McDonalds Australia
16,3,McDonalds Canada
17,3,Donatos Pizza
18,3,McDonalds USA
19,3,Restaurantes McDonalds S.A.
20,3,McDonalds New Zealand
21,3,McDonalds Restaurants
22,3,McDonalds Development Italy Inc
23,3,McDonalds Israel
24,3,McDonalds Suisse Restaurants S
25,3,McDonalds Danmark A/S
26,3,Dynamic Yield
27,3,McDonalds Restaurants Taiwan Co Ltd Taiwan
28,3,McDonalds France
29,3,"Apprente, Inc."
30,3,McDonalds Korea
31,3,Guangxi McDonalds Restaurants Food Co
32,3,McDonalds Nederland B.V.
33,3,Svenska McDonalds AB
34,3,McDonalds Restaurants Hong Kong Ltd Hong Kong
35,3,Lakson Group
36,3,McDonalds Philippines
37,3,Mcdonalds Jordan
38,3,Golden Arches Restaurant
39,3,McDonalds Chile S.A.
40,3,Servicios Rapidos del Paraguay SA
41,3,McDonalds Norge A/S
42,3,Siza Foods Private Limited
43,3,Moscow-McDonalds
44,3,McDonalds Real Estate LLP
45,3,"Industria de Hamburguesas, S.A."
46,3,McDonalds France Restaurants
47,3,Mcdonalds Australia Holdings Limited
48,3,"Sistemas McDonalds Portugal, Lda"
49,3,Al-Daud Restaurants L.L.C.
50,3,PT Bina Nusa Rama
51,3,McDonalds Immobilien GmbH
52,3,"DanBrad, Limited"
53,3,McDonalds Suisse Development Sarl
54,3,Alimentos Rapidos de Occidente S.de R.L. de C.V.
55,3,Akbar Group of Companies
56,3,McDonalds Restaurants of Ireland Limited
57,3,McDonalds Global Markets LLC
58,3,McDonalds Corporation
59,4,Converse
60,4,Hurley International
61,4,NIKE Flight
62,4,Nike Vision
63,4,NIKE Cortez
64,4,NIKE Pegasus
65,4,NIKE Deutschland GmbH
66,4,NIKE Tailwind
67,4,TraceMe Inc.
68,4,NIKE European Operations Netherlands B.V.
69,4,NIKE Huarache
70,4,Invertex Ltd
71,4,"Celect, Inc."
72,4,NIKE India Private Ltd
73,4,NIKE Retail B.V.
74,4,NIKE USA Inc
75,4,NIKE Philippines Inc
76,4,Zodiac Inc.
77,4,NIKE Innovate C.V.
78,4,NIKE Trading Co B.V.
79,4,NIKE UK Ltd
80,4,NIKE 360 Holding B.V.
81,4,PMG International Ltd
82,4,NIKE IHM Inc
83,4,NIKE Retail Services Inc
84,4,Nike Thailand
85,4,NIKE Hong Kong Ltd
86,4,NIKE SALES MALAYSIA SDN. BHD.
87,4,Hurley 999 SL
88,4,NIKE Global Trading PTE. LTD
89,4,Jordan Brand
90,4,NIKE Vietnam Co
91,4,Nike Singapore Pte Ltd
92,4,NIKE Japan Group LLC
93,4,NIKE Lavadome
94,4,NIKE Canada Holding B.V.
95,4,NIKE Europe Holding B.V.
96,4,Exeter Brands Group LLC
97,4,BRS NIKE Taiwan Inc
98,4,NIKE Japan Corp
99,4,NIKE Inc.
100,5,Teavana
101,5,Seattles Best Coffee
102,5,Tata Starbucks
103,5,Tazo
104,5,Evolution Fresh
105,5,Starbucks Coffee Singapore Pte. Ltd
106,5,Starbucks Coffee Japan
107,5,Hear Music
108,5,Starbucks Coffee Argentina S.R.L.
109,5,Starbucks China Co
110,5,Ethos Water
111,5,Starbucks Coffee Company UK
112,5,President Starbucks Coffee Taiwan
113,5,Starbucks Coffee Korea Co Ltd
114,5,PT Sari Coffee Indonesia
115,5,Starbucks Coffee International Inc
116,5,Coffee Equipment Company
117,5,Coffee Concepts Hong Kong
118,5,North American Coffee Partnership
119,5,Starbucks Coffee Trading Co Sarl
120,5,Starbucks Coffee EMEA B.V.
121,5,Marinopoulos Coffee Co SA
122,5,Starbucks Coffee
123,5,The Starbucks Foundation
124,5,Siren Retail Corporation
125,5,Starbucks Coffee Asia Pacific
126,5,Starbucks Coffee Canada Inc
127,5,"Teavana Holdings, Inc."
128,5,Amrest Kavezo
129,5,Starbucks Coffee Dalian Company
130,5,Coffee House Holdings Inc
131,5,Koffee Sirena LLC
132,5,Bay Bread LLC
133,5,Olympic Casualty Insurance Co
134,5,Starbucks Coffee Chile SA
135,5,Starbucks Manufacturing EMEA B.V.
136,5,Starbucks Coffee Austria GmbH
137,5,Starbucks Manufacturing Corp
138,5,CHH Cafe LLC
139,5,"Starbucks Trading, G.K."
140,5,Starbucks Corporation
141,6,"Rona, Inc."
142,6,Orchard Supply Hardware
143,6,Reno-Depot
144,6,ATG Stores
145,6,Masters Home Improvement
146,6,Lowes Home Centers Inc
147,6,Lowes HIW Inc
148,6,LG Sourcing
149,6,"Allied Trade Group, Inc."
150,6,"Central Wholesalers, LLC"
151,6,"Lowes Companies Canada, ULC"
152,6,LF Corporation
153,6,"Sterling Advertising, Ltd"
154,6,"Maintenance Supply Headquarters, LP"
155,6,"Lowes Companies, ESOP"
156,6,"Lowes Companies Mexico, S. De R.L. De C.V."
157,6,Lci Insurance Ltd.
158,6,Lowes Services India Private Limited
159,6,Lowes Companies Inc.
160,7,Agoda Company Pte. Ltd.
161,7,Booking.com B.V.
162,7,Booking.com Holding B.V.
163,7,KAYAK Software Corporation
164,7,"OpenTable, Inc."
165,7,Priceline.com Bookings Acquisition Company Limited
166,7,"Priceline.com Europe Holdco, Inc."
167,7,Priceline.com Holdco U.K. Limited
168,7,priceline.com International Ltd.
169,7,priceline.com LLC
170,7,Agoda Holding Company Limited
171,7,Booking Holdings Treasury Company
172,7,TravelJigsaw Holdings Limited
173,7,TravelJigsaw Limited
174,7,Booking Holdings Inc.
175,8,TJ Maxx
176,8,Marshalls
177,8,HomeGoods
178,8,Sierra
179,8,Winners
180,8,HomeSense
181,8,Marmaxx Operating Corp
182,8,Trade Secret
183,8,NBC Operating LP
184,8,TJX UK
185,8,Newton Buying Corp
186,8,NBC Nevada Merchants Inc
187,8,TK Maxx
188,8,T.K. Maxx GmbH & Co KG
189,8,Marshalls of CA LLC
190,8,NBC Charlotte Merchants Inc
191,8,TJX Incentive Sales Inc
192,8,"Marshalls of IL, LLC"
193,8,NBC Pittston Merchants Inc
194,8,"NBC Merchants, Inc"
195,8,Concord Buying Group Inc
196,8,NBC First Realty Corp
197,8,TJX Australia Pty Limited
198,8,Marshalls of Laredo TX Inc
199,8,Marshalls of Matteson IL Inc
200,8,TJX Ireland
201,8,NBC Second Realty Corp
202,8,New York Department Stores de Puerto Rico Inc
203,8,"NBC GP, LLC"
204,8,WMI-1 Holding Company
205,8,Strathmex Corp
206,8,"H. G. Beverage, LLC"
207,8,T.J. Maxx of IL LLC
208,8,"T.J. Maxx of CA, LLC"
209,8,"The TJX Foundation, Inc."
210,8,Tjx Oesterreich Ltd. & Co. Kg
211,8,"NBC Apparel, Inc"
212,8,"H.G. Indiana Distributors, Inc."
213,8,"Marshalls of Glen Burnie, MD, Inc"
214,8,Bobs Conn. Merchants Inc
215,8,"Marshalls of Nevada, Inc"
216,8,NBC Fifth Realty Corp
217,8,NBC Fourth Realty Corp
218,8,NBC Attire Inc
219,8,The Maxx
220,8,NBC Hong Kong Merchants ltd
221,8,NBC Atlantic Ltd
222,8,TJX Companies Inc
223,9,Shipt
224,9,"Target Brands, Inc"
225,9,Dermstore
226,9,Target Creative
227,9,Red Tail LLC
228,9,"Target Stores, Inc"
229,9,The Associated Merchandising Corporation
230,9,TG Holdings
231,9,"Target Global Trade, Inc"
232,9,Target Services Inc
233,9,AMC Nicaragua SA
234,9,Amcrest Corporation
235,9,"Target General Merchandise, Inc"
236,9,"DBC, LLC"
237,9,"Target Commercial Interiors, Inc"
238,9,Dayton Credit Co
239,9,"AMC Dominican Republic, S.A."
240,9,TGT Energy LLC
241,9,Target Corp India Private
242,9,Eighth Street Development Company
243,9,Glendale West LLC
244,9,Target Clinic Medical Associates Maryland LLC
245,9,Target Receivables Corporation
246,9,AMC Honduras SA
247,9,"Target Bridges, Inc"
248,9,"SuperTarget Liquor of Texas, Inc"
249,9,Amcrest France Sarl
250,9,Target Sourcing Services Guatemala Sociedad Anonima
251,9,STL of Nebraska Inc
252,9,"Target Connect, Inc"
253,9,Westbury Holding Co
254,9,"SuperTarget Liquor of Missouri, Inc"
255,9,Associated Merchandising Korea Corp
256,9,"ITC Sales and Procurement, LLC"
257,9,TSS One
258,9,"Target Millville Urban Renewal, LLC"
259,9,Walsh Bros
260,9,TCDC Inc
261,9,Target Foundation
262,9,Target Stafford Urban Renewal LLC
263,9,Target Jefferson Boulevard LLC
264,9,Target Sourcing Services India Private
265,9,Target Sourcing Services Pacific
266,9,AMC Guatemala Sociedad Anonima
267,9,Target Sourcing Services Asia
268,9,AMC S Pte. Ltd.
269,9,Target Capital Corporation
270,9,Target Sourcing Services Hong Kong
271,9,Target Sourcing Services Italy S.r.l.
272,9,Target Corporation
273,10,General Motors Company
274,11,"Ross Dress for Less, Inc"
275,11,"Ross Procurement, Inc"
276,11,Ross Merchandising Inc
277,11,Retail Assurance Group Ltd
278,11,"Ross Distribution, Inc"
279,11,Ross Stores Inc.
280,12,DOLGENCORP INC
281,12,Dollar General Literacy Foundation
282,12,DOLGENCORP OF TEXAS INC
283,12,DG Strategic III LLC
284,12,Dollar General Global Sourcing Ltd
285,12,DG Retail LLC
286,12,"Dolgencorp of New York, Inc."
287,12,DOLLAR GENERAL PARTNERS
288,12,DGC Properties LLC
289,12,"DG Transportation, Inc."
290,12,"DC Financial, LLC"
291,12,"DG Distribution of Texas, LLC"
292,12,DG Strategic II LLC
293,12,"DG Strategic VII, LLC"
294,12,DG Promotions Inc
295,12,Retail Risk Solutions LLC
296,12,DG Strategic I LLC
297,12,"DG Strategic VI, LLC"
298,12,"South Boston Holdings, Inc."
299,12,Dolgen III Inc
300,12,Ashley River Insurance Co Inc
301,12,"South Boston FF&E, LLC"
302,12,DG LOGISTICS LLC
303,12,"Dollar General Merchandising, Inc."
304,12,"DG eCommerce, LLC"
305,12,DGC Properties of Kentucky LLC
306,12,"Retail Property Investments, LLC"
307,12,Dolgen II Inc
308,12,DGC Holdings LLC
309,12,"DG Distribution Midwest, LLC"
310,12,Dollar General Investment Inc
311,12,Dolgen I Inc
312,12,Sun Dollar LP
313,12,Dollar General Corporation
314,13,Sheraton Hotels and Resorts
315,13,Westin Hotels & Resorts
316,13,Ritz-Carlton Hotel Company
317,13,Starwood
318,13,Aloft Hotels
319,13,Le Meridien
320,13,Autograph Collection
321,13,Four Points by Sheraton
322,13,Gaylord Hotels
323,13,AC Hotels
324,13,Delta Hotels
325,13,Marriott Hotels International
326,13,Luxury Hotels International of Hong Kong
327,13,Marriott Hotels Limited
328,13,Marriott Hotel Services Inc
329,13,Hospitality International
330,13,Residence Inn by Marriott LLC
331,13,Courtyard Management Corp
332,13,MVCI Europe
333,13,"Marriott International Hotels, Inc."
334,13,The Westin Dublin
335,13,Minneapolis Marriott Northwest
336,13,Renaissance New York Hotel 57
337,13,Sheraton Operating Corporation
338,13,Starwood Asia Pacific Hotels & Resorts Pte Ltd.
339,13,Renaissance Hotel Operating Company
340,13,"Galaxy Hotel Systems, LLC"
341,13,"Marriott International Administrative Services, Inc."
342,13,Global Hospitality Licensing S.A.R.L
343,13,The Ritz-Carlton Hotel Company Berlin GmbH
344,13,SLC Operating Partnership
345,13,Amazonas H.O.T. S.A.
346,13,Essex House Condominium Corporation
347,13,"Hoteles Sheraton, S. De R.L. De C.V."
348,13,Cologne MH Operating Company GmbH
349,13,MVCI Asia Pacific Hong Kong Pte Limited
350,13,"SpringHill SMC, LLC"
351,13,Meridien SAS
352,13,Starwood Hotels & Resorts India Private Limited
353,13,Marriott International Design & Construction Services Inc
354,13,Starwood Italia Srl
355,13,Sheraton Gateway Limited Partnership
356,13,Frankfurt Marriott Hotelmanagement GmbH
357,13,Renaissance Services B.V.
358,13,Starwood Canada Ulc
359,13,"Torre Polanco, S. De R.L. De C.V."
360,13,PT Indo-Pacific Sheraton
361,13,Roissy CYBM SAS
362,13,Westin Asset Management Company
363,13,Sheraton Overseas Management Corp
364,13,Starwood EAME License and Services Company BVBA
365,13,Marriott International Inc.
366,14,Ford Motor Company
367,15,OReilly Automotive Inc.
368,16,KFC
369,16,Pizza Hut
370,16,Taco Bell
371,16,WingStreet
372,16,KFC Holding Co
373,16,KFC in Japan
374,16,"QuikOrder, Inc."
375,16,Yum Restaurants International Thailand
376,16,KFC in South Africa
377,16,Pizza Hut Canada
378,16,Kentucky Fried Chicken Pty. Ltd.
379,16,Yum! Franchise I LP
380,16,Yum! Brands Canada Management LP
381,16,Yum! Restaurants International Canada LP
382,16,Yum! Asia Franchise Pte Ltd
383,16,"Yorkshire Global Restaurants, Inc"
384,16,Yum! Restaurants International Inc
385,16,Yum! Restaurants India Private ltd
386,16,Yum! Restaurants International Ltd. & Co. KG
387,16,"Pizza Hut International, LLC"
388,16,Yum! Restaurants Australia Pty ltd
389,16,"Taco Bell of America, Inc"
390,16,Yum! Restaurants International Russia LLC
391,16,"Kentucky Fried Chicken International Holdings, Inc"
392,16,Yum Restaurants International ltd
393,16,Yum! Restaurant Holdings
394,16,Yum! Restaurants Asia Private Ltd
395,16,KFC U.S. Properties Inc
396,16,Yum Restaurants Espana SL
397,16,Pizza Hut of America Inc
398,16,Yum! Restaurantes do Brasil Ltda
399,16,KFC Holdings B.V.
400,16,Yum! Restaurants International Management Sar.l.
401,16,Kentucky Fried Chicken Great Britain ltd
402,16,"Yum! Restaurants International Holdings, Ltd"
403,16,Restaurant Holdings ltd
404,16,Yum! Restaurants China Investment Co Ltd
405,16,Wuxi KFC Co Ltd
406,16,Yum! Brands Inc.
407,17,ALLDATA
408,17,"AutoZoners, LLC"
409,17,AutoZone Parts Inc
410,17,AutoZone de Mexico S. de R.L. de C.V.
411,17,AutoZone.com Inc
412,17,AutoZone Development Corp
413,17,Riverside Captive Insurance Company
414,17,"AutoZone Texas, L.P."
415,17,AutoZone Stores Inc
416,17,AutoZone IP LLC
417,17,AutoZone Puerto Rico Inc
418,17,"AutoZone Northeast, Inc. fka ADAP, Inc."
419,17,AutoZone West Inc fka Chief Auto Parts Inc
420,17,AutoZone Inc.
421,18,259 Pitt Street Pty Ltd
422,18,3750 Residential Management LLC
423,18,"90210 Biltmore Management, LLC"
424,18,"90210 Desert Resorts Management Co., LLC"
425,18,"90210 Grand Wailea Management Co., LLC"
426,18,90210 LLC
427,18,"90210 Management Company, LLC"
428,18,Adana Hilton Enternasyonal Otelcilik Limited Sirketi
429,18,Adda Hotels
430,18,Adda Properties Limited
431,18,Addis Ababa Hilton Private Limited Company
432,18,Admiral I Pty Limited
433,18,Admiral II Pty Limited
434,18,Admiral III Pty Limited
435,18,Admiral Investments Pty Limited
436,18,"Andiamos OHare, LLC"
437,18,Ankara Enternasyonel Otelcilik Anonim Sirketi
438,18,ATM Hotels Pty. Limited
439,18,Avenue Louise Hotel Partners S.N.C.
440,18,"Ballys Grand Property Sub I, LLC"
441,18,"Blue Bonnet Security, LLC"
442,18,"Brighton at Kingston Plantation, L.L.C."
443,18,Canopy Brand Management LLC
444,18,Chancel Service Corporation
445,18,"Chesterfield Village Hotel, L.L.C."
446,18,"CHW Holdings, LLC"
447,18,Comfort Hotels International Limited
448,18,Comfort Hotels Limited
449,18,Comfort Inns BV
450,18,Conrad International Belgium LLC
451,18,Conrad International Egypt LLC
452,18,Conrad International Egypt Resorts Corporation
453,18,Conrad International  Corporation
454,18,Conrad International Thailand Limited
455,18,Conrad International Hotels HK Limited
456,18,Conrad International Investment Jakarta Corporation
457,18,Conrad International Manage CIS LLC
458,18,Conrad International Management Services Singapore Pte Ltd
459,18,Conrad Management LLC
460,18,Conrad Osaka Godo Kaisha
461,18,Curio Brand Management LLC
462,18,Curio Management LLC
463,18,Destination Resorts LLC
464,18,"Doubletree De Mexico, S.A. De C.V."
465,18,Doubletree Hotel Systems LLC
466,18,Doubletree Hotels LLC
467,18,Doubletree International Franchise LLC
468,18,Doubletree LLC
469,18,Hilton Worldwide Holdings Inc
470,19,Vans
471,19,The North Face
472,19,The Timberland Company
473,19,Wrangler
474,19,"VF Outlet, Inc"
475,19,Napapijri
476,19,Dickies
477,19,Eastpak
478,19,JanSport
479,19,Smartwool
480,19,Nautica
481,19,Icebreaker
482,19,"VF Imagewear, Inc."
483,19,"VF Outdoor, Inc"
484,19,Eagle Creek
485,19,VF Services Inc
486,19,VFJ Ventures Inc
487,19,VF Northern Europe Ltd
488,19,South Cone Inc
489,19,Lucy activewear
490,19,North Face Italy S.r.l.
491,19,"VF Sportswear, Inc"
492,19,Healthtex
493,19,VF Asia Ltd
494,19,VF Europe B.V.B.A.
495,19,VF Jeanswear Partnership
496,19,H. D. Lee Co Inc
497,19,VF Ege Soke Giyim Sanayi ve Ticaret A.S.
498,19,VF Arvind Brands Pte Ltd
499,19,Nautica Apparel Inc
500,19,VF Arvind Brands Private Ltd
501,19,VF International Sagl
502,19,"VF Outdoor Canada, Inc"
503,19,VF Jeanswear Argentina
504,19,"VF Canada, Inc"
505,19,VF Chile SA
506,19,Green Sport Monte Bianco S.p.A.
507,19,VF Imagewear Canada Inc
508,19,"Timberland Retail, Inc"
509,19,V.F. Corporation
510,20,mobile.de GmbH
511,20,eBay GmbH
512,20,eBay International Treasury Center Sarl
513,20,"eBay Korea Co., Ltd."
514,20,eBay International Holding GmbH
515,20,eBay International AG
516,20,eBay Korea Holding GmbH
517,20,eBay Marketplaces GmbH
518,20,Marktplaats B.V.
519,20,eBay Classifieds Holding B.V.
520,20,eBay KTA UK Limited
521,20,eBay UK Limited
522,20,eBay Inc.
523,21,"Dollar Tree Stores, Inc."
524,21,"Dollar Tree Management, Inc."
525,21,"Family Dollar Stores, Inc."
526,21,"Family Dollar, Inc."
527,21,"Family Dollar Merchandising, LLC"
528,21,"Family Dollar Services, LLC"
529,21,"Family Dollar Stores of Ohio, Inc."
530,21,"Greenbrier International, Inc."
531,21,"Dollar Tree Distribution, Inc."
532,21,"Dollar Tree Insurance, Inc."
533,21,"Dollar Tree Stores Canada, Inc."
534,21,Dollar Tree Inc.
535,22,"A.E. Enterprises, LLC"
536,22,"Alambrados y Circuitos Electricos, S. de R.L. de C.V."
537,22,Antaya Technologies Asia Ltd.
538,22,Antaya Technologies Corp.
539,22,Aptiv China Holding Company Limited
540,22,Aptiv China Technology Company Limited
541,22,Aptiv Shanghai International Management Company Ltd.
542,22,Aptiv UK Holdings Limited
543,22,Aptiv Asia Pacific Holdings UK LLP
544,22,Aptiv China Holdings US LLC
545,22,Aptiv Components Shanghai Company Limited
546,22,Aptiv Components India Private Ltd.
547,22,Aptiv Connection Systems Shanghai Ltd.
548,22,Aptiv Connection Systems Holding Deutschland GmbH
549,22,Aptiv Connection Systems Holding Hong Kong Limited
550,22,Aptiv Connection Systems Holdings US LLC
551,22,Aptiv Connection Systems Hungary Kft
552,22,Aptiv Connection Systems India Private Limited
553,22,Aptiv Connection Systems Korea LLC
554,22,Aptiv Connection Systems Services Austria GmbH
555,22,Aptiv Connection Systems Services Italia S.P.A.
556,22,"Aptiv Connection Systems Services Japan, Ltd."
557,22,"Aptiv Contract Services Ciudad Juarez, S. de R.L. de C.V."
558,22,"Aptiv Contract Services de Mexico, S. de R.L. de C.V."
559,22,"Aptiv Contract Services Matamoros, S. de R.L. de C.V."
560,22,"Aptiv Contract Services Noreste, S. de R.L. de C.V."
561,22,"Aptiv Contract Services Nuevo Laredo, S. de R.L. de C.V."
562,22,Aptiv Contract Services Sweden AB
563,22,"Aptiv Contract Services Tamaulipas, S. de R.L. de C.V."
564,22,"Aptiv Contract Services Tijuana, S. de R.L. de C.V."
565,22,"Aptiv Contract Services Zacatecas, S. de R.L. de C.V."
566,22,"Aptiv Contract Services, S. de R.L. de C.V."
567,22,Aptiv Corporation
568,22,Aptiv Electric Systems Company Ltd.
569,22,Aptiv Electrical Centers Shanghai Co. Ltd.
570,22,Aptiv Electronics Suzhou Co. Ltd.
571,22,Aptiv European Holdings UK Limited
572,22,Aptiv Financial Holdings UK LLP
573,22,Aptiv Financial Investment Services UK Limited
574,22,"Aptiv Financial Management, LLC"
575,22,Aptiv Financial Services Luxembourg S.a r.l.
576,22,Aptiv PLC
577,23,Royal Caribbean International
578,23,Celebrity Cruises
579,23,TUI Cruises
580,23,Azamara Club Cruises
581,23,Silversea Cruises
582,23,Pullmantur Cruises
583,23,Silversea Cruise Holding Ltd.
584,23,Celebrity Cruise Lines Inc
585,23,Pullmantur Cruises Ship Management Ltd
586,23,Royal Caribbean Cruises Service China Company Limited
587,23,Pullmantur Cruises Sovereign Ltd
588,23,"Cape Liberty Cruise Port, LLC"
589,23,Pullmantur Cruises Pacific Dream Limited
590,23,Pullmantur Cruises Monarch Limited
591,23,Pullmantur Cruises Zenith ltd
592,23,Royal Caribbean Cruises Australia Pty. Ltd
593,23,Royal Celebrity Tours Inc
594,23,Celebrity Silhouette Inc
595,23,Harmony Investments Global Ltd.
596,23,Celebrity Solstice V Inc.
597,23,Allure of the Seas Inc.
598,23,TourTrek SEZC Ltd.
599,23,Constellation Inc.
600,23,Oasis of the Seas Inc.
601,23,Rcl Cruises Ltd
602,23,Celebrity Eclipse Inc.
603,23,SkySea Cruise Line
604,23,Royal Caribbean Cruises Asia Pte. Ltd
605,23,Royal Caribbean Cruises Ltd.
606,24,Las Vegas Sands Corp.
607,25,ShopHouse Southeast Asian Kitchen
608,25,"Chipotle Mexican Grill of Colorado, LLC"
609,25,"Cmg Strategy Co., LLC"
610,25,CMGGC LLC
611,25,Chipotle Mexican Grill UK Ltd
612,25,Chipotle Mexican Grill U.S. Finance Co LLC
613,25,"Chipotle Mexican Grill of Kansas, LLC"
614,25,Chipotle Mexican Grill Management GmbH
615,25,"Chipotle Mexican Grill Service Co., LLC"
616,25,Chipotle Mexican Grill Texas Holdings LLC
617,25,Chipotle Mexican Grill of Maryland LLC
618,25,Chipotle Mexican Grill Canada Corp
619,25,Chipotle Mexican Grill Holdings GmbH
620,25,"Chipotle International, Limited"
621,25,"Chipotle Texas, LLC"
622,25,Chipotle Texas LLC
623,25,Chipotle Mexican Grill Los Angeles
624,25,Chipotle Mexican Grill Inc.
625,26,Carnival Cruise Line
626,26,Princess Cruises
627,26,Holland America Line
628,26,P&O Cruises
629,26,Cunard Line
630,26,Costa Cruises
631,26,Seabourn Cruise Line
632,26,P&O Cruises Australia
633,26,Sunshine Shipping Corporation Ltd. Sunshine
634,26,HAL Antillen N.V.
635,26,Fathom
636,26,Princess Bermuda Holdings Ltd
637,26,Ocean Village
638,26,Carnival Corporation
639,27,Best Buy Co. Inc.
640,28,"ANN & 215, LLC"
641,28,"Austin Data, Inc."
642,28,"BP456, Inc"
643,28,"C. Richard Dobson Builders, Inc."
644,28,"Cane Island, LLC"
645,28,"CH Funding, LLC"
646,28,"CH Investments of Texas, Inc."
647,28,CHI Construction Company
648,28,"CHM Partners, L.P."
649,28,"CHTEX of Texas, Inc."
650,28,"The Club at Cobblestone, LLC"
651,28,"The Club at Hidden River, LLC"
652,28,"Continental Homes, Inc."
653,28,"Continental Homes of Texas, L.P."
654,28,"Continental Residential, Inc."
655,28,"Continental Traditions, LLC"
656,28,"Crown Operating Company, Inc."
657,28,"CV Mountain View 25 Inv, LLC"
658,28,"Cypress Road, L.P."
659,28,"DBC54, LLC"
660,28,"Deer Valley Office Park, LLC"
661,28,Desert Ridge Phase I Partners
662,28,"DHI Commercial, Inc."
663,28,"DHI Commercial - Lakeview, LLC"
664,28,D.R. Horton Inc.
665,29,"Eagle Home Mortgage, LLC"
666,29,"North American Advantage Insurance Services, LLC"
667,29,North American Title Company IL
668,29,Lennar Financial Services LLC
669,29,Universal American Mortgage Company of California
670,29,Lennar Family of Builders
671,29,Newhall Land and Farming Company
672,29,North American Title Group Inc FL
673,29,Lennar Ventures LLC
674,29,"Lennar Reno, LLC"
675,29,"Lennar Homes, LLC"
676,29,"Lennar Carolinas, LLC"
677,29,Lennar Sales Corp
678,29,Lennar Arizona Inc
679,29,Greystone Nevada LLC
680,29,North American Title Insurance Co
681,29,Lennar Fresno Inc
682,29,"Lennar Georgia, Inc"
683,29,Lennar Charitable Housing Foundation
684,29,"Lennar Arizona Construction, Inc"
685,29,"Lennar Communities Development, Inc"
686,29,"Greystone Homes, Inc"
687,29,"Greystone Construction, Inc"
688,29,"Strategic Holdings, Inc"
689,29,Lennar Communities Inc
690,29,North American Title Company of Colorado
691,29,Lennar Homes of Texas Land & Construction Ltd
692,29,"Landmark Homes, Inc"
693,29,"Lennar Homes of Texas Sales and Marketing, Ltd"
694,29,Bramalea California Inc
695,29,Lennar Texas Holding Co
696,29,Fidelity Guaranty and Acceptance Corp
697,29,North American Title Agency Inc
698,29,Lennar BVHP LLC
699,29,Lennar Associates Management LLC
700,29,Coto de Caza Ltd
701,29,North American Services LLC
702,29,"Lennar Trading Company, LP"
703,29,"Eagle Home Mortgage of California, Inc"
704,29,"Lennar Developers, Inc"
705,29,"Lennar Northeast Properties, Inc"
706,29,Cambria LLC
707,29,Lennar Family of Builders Partnership
708,29,LHI Renaissance LLC
709,29,"Legends Club, LLC"
710,29,LENH I LLC
711,29,Lennar Communities of Chicago LLC
712,29,"Lennar Hingham Holdings, LLC"
713,29,U.S. Home of Arizona Construction Co
714,29,Lennar Aircraft I LLC
715,29,Lennar Sacramento Inc
716,29,Lennar Corporation
717,30,MGM Growth Properties
718,30,Slots A Fun
719,30,"MGM Grand Hotel, LLC"
720,30,"Beau Rivage Resorts, Inc"
721,30,Sydell Group
722,30,City Center LLC
723,30,The Mirage Casino-Hotel
724,30,"Mirage Resorts, Incorporated"
725,30,New Castle Corp
726,30,VidiAd
727,30,"MGM MIRAGE Hospitality, LLC"
728,30,MGM MIRAGE Retail
729,30,MGM Grand Resorts LLC
730,30,"Destron, Inc"
731,30,"MGM Grand Detroit, Inc"
732,30,"Galleon, Inc"
733,30,Signature Condominiums LLC
734,30,Ramparts Tavern & Grill
735,30,MGM Grand Resorts Development
736,30,Mandalay Place
737,30,MGMM Insurance Company
738,30,MGM MIRAGE Aviation Corp
739,30,M.S.E. Investments Inc
740,30,MGM MIRAGE Operations Inc
741,30,CityCenter Hotel & Casino LLC
742,30,MGM MIRAGE DEVELOPMENT INC
743,30,"MGM MIRAGE Advertising, Inc"
744,30,Diamond Gold Inc
745,30,"Jean Development West, LLC"
746,30,MGM GRAND ATLANTIC CITY INC
747,30,"MGM Yonkers, Inc."
748,30,"Las Vegas Arena Management, LLC"
749,30,Mandalay Employment LLC
750,30,Mandalay Corp.
751,30,Mgm Resorts Retail
752,30,"Mgm International, LLC"
753,30,"Metropolitan Marketing, LLC"
754,30,MGM Hakkasan Hospitality
755,30,"MGM Resorts Online, LLC"
756,30,"MGM Resorts Sub 1, LLC"
757,30,Vintage Land Holdings II LLC
758,30,"MGM National Harbor, LLC"
759,30,"MGM MIRAGE Land Holdings, LLC"
760,30,MGM MIRAGE Management and Technical Services
761,30,"MGM Resorts Sub 5, LLC"
762,30,"New PRMA Las Vegas, Inc"
763,30,The Bungalow
764,30,"IKM MGM, LLC"
765,30,MGM Resorts International
766,31,"CarMax Business Services, LLC"
767,31,"CarMax Auto Superstores California, LLC"
768,31,CarMax Auto Superstores West Coast Inc
769,31,"CarMax Auto Superstores Services, Inc"
770,31,"Carmax Auto Superstores, Inc."
771,31,"CarMax Funding III, LLC"
772,31,Carmax Auto Receivables LLC
773,31,"Carmax Funding Iv, Llc"
774,31,"Carmax Funding II, LLC"
775,31,"Carmax Of Laurel, LLC"
776,31,"Carmax Auto Mall, LLC"
777,31,Glen Allen Insurance LTD
778,31,CarMax Inc.
779,32,Genuine Parts Company
780,33,GlamST LLC
781,33,Qm Scientific
782,33,Ulta Beauty Credit Services Corporation
783,33,"ULTA, Inc"
784,33,"Ulta Beauty Cosmetics, LLC"
785,33,"Ulta Salon, Cosmetics & Fragrance, Inc."
786,33,Ulta Beauty Inc
787,34,Olive Garden
788,34,LongHorn Steakhouse
789,34,Yard House
790,34,The Capital Grille
791,34,Seasons 52
792,34,Cheddars Scratch Kitchen
793,34,Bahama Breeze
794,34,Eddie Vs Prime Seafood
795,34,"GMRI, Inc"
796,34,Rare Hospitality International
797,34,Cheddars Restaurant Holding Corp.
798,34,Rare Hospitality Management Inc
799,34,Florida SE Inc
800,34,N & D Restaurants Inc
801,34,Darden SW LLC
802,34,"Darden Concepts, Inc."
803,34,Darden Corporation
804,34,"Bahama Breeze Holdings, LLC"
805,34,"GMRI Florida, Inc."
806,34,"Olive Garden of Texas, LLC"
807,34,"Eddie Vs Holdings, LLC"
808,34,"Seasons 52 Holdings, LLC"
809,34,Rare Hospitality Management LLC
810,34,Darden Restaurants Inc.
811,35,Expedia Group Inc.
812,36,Navionics
813,36,Active Corporation
814,36,DeLorme
815,36,Garmin Corp
816,36,"Garmin International, Inc"
817,36,Garmin Europe Ltd
818,36,Fltplan.com
819,36,Garmin Asia Corporation
820,36,Garmin France SAS
821,36,"Digital Cyclone, Inc"
822,36,"Dynastream Innovations, Inc"
823,36,Garmin Italia S.p.A.
824,36,Garmin USA Inc
825,36,Garmin Iberia SA
826,36,Trigentic AB
827,36,Garmin Portugal Equipamentos de Comunicacoes e de Navegacao Lda
828,36,"Garmin AT, Inc"
829,36,Garmin Australasia Pty Ltd
830,36,Garmin Singapore Pte. Ltd
831,36,"Tri-Tronics, Inc."
832,36,Interphase Technologies Inc.
833,36,Garmin Cluj SRL
834,36,Alphamantis Technologies Inc
835,36,Navionics Inc.
836,36,Garmin Southern Africa Pty Ltd.
837,36,Garmin Nordic Finland Oy
838,36,Garmin Danmark A
839,36,Garmin Switzerland Gmbh
840,36,Garmin Deutschland Verwaltungs GmbH
841,36,Garmin Stockholm AB
842,36,Garmin Belux NV
843,36,"Garmin Realty, LLC"
844,36,Garmin Cooperatief UA
845,36,Garmin Norge AS
846,36,Garmin Canada Inc.
847,36,Garmin Danmark Ejendomme ApS
848,36,Garmin Suomi Holding Oy
849,36,Garmin Acquisition B.V.
850,36,Garmin Austria GmbH
851,36,Garmin Sweden AB
852,36,Garmin Suomi Oy
853,36,"Garmin China ChengDu Co., Ltd."
854,36,Garmap Pty Ltd.
855,36,Garmin Ltd.
856,37,"Laurelton Diamonds, Inc."
857,37,Tiffany & Co. International
858,37,LCT Insurance Company
859,37,Tiffany and Company Australia
860,37,Tiffany and Company Pension Plan
861,37,Tiffany & Company
862,37,T. Risk Holdings Inc.
863,37,Tiffany and Company
864,37,Tiffany & Co.
865,38,Wynn Resorts Limited
866,39,Advance Auto Parts Inc.
867,40,Wizards of the Coast
868,40,Playskool
869,40,E1 Entertainment
870,40,Allspark
871,40,Milton Bradley Company
872,40,Tonka
873,40,Boulder Media
874,40,Larami
875,40,"Cranium, Inc."
876,40,"Hasbro International, Inc"
877,40,Les Films Christal
878,40,Force Four Entertainment
879,40,Saban Brands Voyagers LLC
880,40,SCG Luna Petunia LLC
881,40,Hasbro Childrens Fund Inc
882,40,Treehouse Detectives LLC
883,40,Hasbro Hong Kong Limited
884,40,Hasbro Managerial Services Inc
885,40,Hasbro Properties Group
886,40,"Hasbro Receivables Funding, LLC"
887,40,Haspuzz Corp.
888,40,Entertainment One Ltd
889,40,"Hasbro Internet Holdings, Inc."
890,40,Hasbro Poland Sp. z o.o.
891,40,SCG Characters LLC
892,40,Creator Ltd.
893,40,Funskool India Ltd.
894,40,Hasbro Inc.
895,41,Petsense
896,41,"Tractor Supply Co. of Texas, LP"
897,41,"Dels Farm Supply, LLC"
898,41,Tractor Supply Company
899,42,Orient Lines
900,42,NCL Corporation Ltd.
901,42,Ship Holding Llc
902,42,SSC France LLC
903,42,"Oceania Vessel Finance, Ltd."
904,42,Norwegian Cruise Line Holdings Ltd.
905,43,"Keystone Automotive Industries Resources, Inc"
906,43,Keystone Automotive Industries
907,43,KEYSTONE AUTOMOTIVE OPERATIONS INC
908,43,Nipparts
909,43,Warn Industries
910,43,LKQ Foster Auto Parts Inc
911,43,Stahlgruber Otto Gruber AG
912,43,"U-Pull-It, North, LLC"
913,43,LKQ European Holdings B.V.
914,43,"Global Trade Alliance, Inc"
915,43,Sator Holding B.V.
916,43,Keystone Automotive Industries ON Inc
917,43,"LKQ Triplett ASAP, Inc"
918,43,LKQ Heavy Truck Texas Best Diesel LP
919,43,"GreenLeaf Auto Recyclers, LLC"
920,43,"LKQ Pintendre Auto, Inc"
921,43,"LKQ Auto Parts of North Texas, L.P."
922,43,LKQ Best Automotive Corp
923,43,Redding Auto Center Inc
924,43,LKQ Lakenor Auto & Truck Salvage Inc
925,43,LKQ All Models Corp
926,43,"LKQ 250 Auto, Inc"
927,43,Pick Your Part Auto Wrecking
928,43,LKQ Salisbury Inc
929,43,LKQ Management Company
930,43,LKQ Auto Parts of Utah LLC
931,43,LKQ Hunts Point Auto Parts Corp
932,43,LKQ Smart Parts Inc
933,43,Reliable Auto Parts & Wreckers Inc
934,43,Transwheel Corp
935,43,"LKQ Broadway Auto Parts, Inc"
936,43,LKQ Crystal River Inc
937,43,"LKQ Route 16 Used Auto Parts, Inc"
938,43,LKQ Online Corp
939,43,"Potomac German Auto, Inc"
940,43,"LKQ Dominion Auto Recycling, Inc"
941,43,"LKQ of Indiana, Inc"
942,43,"U-Pull-It, Inc"
943,43,"LKQ Mid-America Auto Parts, Inc"
944,43,LKQ Atlanta LP
945,43,LKQ of Michigan Inc
946,43,LKQ Midwest Auto Parts Corp
947,43,"LKQ of Nevada, Inc"
948,43,LKQ Corporation
949,44,Virginia
950,44,Pennsylvania
953,44,Delaware
954,44,NVR Inc.
955,45,1900 Holdings Corporation
956,45,Airdun Limited
957,45,B. Blend Maquinas e Bebidas S.A.
958,45,BUD Comercio de Eletrodomesticos Ltda.
959,45,BWI Products Limited
960,45,Bauknecht AG
961,45,Bauknecht Hausgerate GmbH
962,45,Beijing Embraco Snowflake Compressor Company Limited
963,45,"Bill Page Orchestra, Inc."
964,45,Brasmotor S.A.
965,45,"Brunson Place Properties, LLC"
966,45,CNB Consultoria Ltda
967,45,Cannon Industries Ltd.
968,45,"Centro de Desarrollo Tecnologico e Innovacion WHM, S. de R.L de C.V."
969,45,"Comercial Acros Whirlpool, S. de R.L. de C.V."
970,45,Consumer Appliances Service Limited
971,45,Ealing Compania de Gestiones y Participaciones S.A.
972,45,"Elera Delaware, Inc."
973,45,Elera Holdings Corporation
974,45,Embraco Europe S.r.l.
975,45,Embraco Eurosales S.r.l.
976,45,Embraco Industria de Compressores e Solucoes em Refrigeracao Ltda.
977,45,Embraco Luxembourg S.a r.l.
978,45,"Embraco Mexico Servicios, S. de R.L. de C.V."
979,45,Embraco Mexico S. de R.L. de C.V.
980,45,"Embraco North America, Inc."
981,45,Embraco RUS LLC
982,45,Embraco Slovakia S.r.o.
983,45,"Everest Campus, LLC."
984,45,General Domestic Appliances Holdings Ltd
985,45,General Domestic Appliances International Ltd.
986,45,"Guangdong Whirlpool Electrical Appliances Co., Ltd."
987,45,Haceb Whirlpool Industrias S.A.S.
988,45,Hefei Whirlpool Enterprise Management Service Co. Ltd.
989,45,Hoover Comercial Limitada
990,45,Indesit Argentina S.A.
991,45,Indesit Company Domestic Appliances Hellas Mepe
992,45,Indesit Company International Business S.A.
993,45,Indesit Company Luxembourg S.A.
994,45,Indesit Company Nordics AB
995,45,Indesit Company Singapore Pte. Ltd.
996,45,Indesit Company UK Holdings Ltd.
997,45,Whirlpool Corporation
998,46,Centex
999,46,Pulte Mortgage
1000,46,Pulte Homes of Minnesota LLC
1001,46,"Builder Support Services, Inc."
1002,46,Pulte Home Corporation
1003,46,Del Webb Corporation
1004,46,Pulte Homes of New England LLC
1005,46,Pulte Homes of Ohio LLC
1006,46,Pulte Homes of PA Partnership
1007,46,"DiVosta Homes, L.P."
1008,46,"Pulte Homes of Indiana, LLC"
1009,46,PN II INC
1010,46,Radnor Homes Inc
1011,46,Pulte Homes of Michigan LLC
1012,46,FOX & JACOBS INC
1013,46,"Del Webb Communities, Inc"
1014,46,Pulte Homes of Texas LP
1015,46,CTX MORTGAGE Co LLC
1016,46,"Pulte Diversified Companies, Inc"
1017,46,"Pulte Homes of New Mexico, Inc"
1018,46,Pulte Development Corp
1019,46,POTOMAC YARD DEVELOPMENT LLC
1020,46,Pulte Realty Corporation
1021,46,Pulte Homes Tennessee Partnership
1022,46,Pulte Homes of NJ Partnership
1023,46,PULTE HOMES OF GREATER KANSAS CITY INC
1024,46,Dean Realty Co
1025,46,Del Webb Home Construction Inc
1026,46,Pulte Homes of New York LLC
1027,46,Pulte Land Co LLC
1028,46,CENTEX HOMES REALTY COMPANY
1029,46,Del Webb California Corp
1030,46,PL ROSEVILLE LLC
1031,46,Pulte Land Development Corp
1032,46,Preserve II Inc
1033,46,Del Webbs Spruce Creek Communities Inc
1034,46,"DiVosta Homes Sales, Inc"
1035,46,"Anthem Community Council, Inc."
1036,46,JOHN CROSLAND COMPANY
1037,46,Asset One Corp
1038,46,COMMERCE TITLE INSURANCE COMPANY
1039,46,Premier Land Title Insurance Company
1040,46,"ColRich Communities, Inc."
1041,46,Centex Real Estate Corporation
1042,46,Butterfield Properties LLC
1043,46,MORTGAGE PORTFOLIO SERVICES INC
1044,46,Quartz Hill LLC
1045,46,Anthem Arizona LLC
1046,46,PHC Title Corp
1047,46,PulteGroup Inc.
1048,47,BorgWarner Inc.
1049,48,Mohawk Industries Inc.
1050,49,Kohls Department Stores Inc
1051,49,Kohls Illinois Inc
1052,49,Kohls Cares LLC
1053,49,"Kohls Value Services, Inc."
1054,49,"KWAL, LLC"
1055,49,Kohls Investment Corporation
1056,49,Kohls Indiana LP
1057,49,"Dana Buchman, Inc."
1058,49,Kohls Indiana Inc
1059,49,Kohls Michigan L.P.
1060,49,Kohls Pennsylvania Inc
1061,49,Kohls Corporation
1062,50,504-514 West 34th Street Corp
1063,50,"Adelington Design Group, LLC"
1064,50,B.B. SAS
1065,50,Coach Gibraltar Limited
1066,50,"Coach US Partnership, LLC"
1067,50,Coach Brasil Participacoes Ltda
1068,50,Coach Consulting Dongguan Co. Ltd.
1069,50,Coach Foundation Inc.
1070,50,Coach Holdings Partnership UK LP
1071,50,Coach Hong Kong Limited
1072,50,"Coach International Holdings, Sarl"
1073,50,Coach International Limited
1074,50,Coach International UK Holdings Limited
1075,50,Coach IP Holdings LLC
1076,50,Coach Italy S.r.l.
1077,50,"Coach Japan Investments, LLC"
1078,50,"Coach Japan, LLC"
1079,50,Coach Korea Limited
1080,50,Coach Leatherware Thailand Ltd.
1081,50,Coach Leatherware India Private Limited
1082,50,Coach Legacy Yards Lender LLC
1083,50,Coach Legacy Yards LLC
1084,50,Coach Luxembourg Financing S.a.r.l
1085,50,Coach Malaysia SDN. BHD.
1086,50,"Coach Management Shanghai Co., Ltd."
1087,50,Coach Manufacturing Limited
1088,50,Coach Netherlands B.V.
1089,50,Coach New Zealand
1090,50,Coach Operations Singapore Pte. Ltd.
1091,50,"Coach Services, Inc."
1092,50,Coach Shanghai Limited
1093,50,Coach Singapore Pte. Ltd.
1094,50,"Coach Spain, S.L."
1095,50,Coach Stores Australia PTY LTD
1096,50,Coach Stores Austria GmbH
1097,50,Coach Stores Belgium
1098,50,Coach Stores Canada Corporation
1099,50,Coach Stores France SARL
1100,50,Coach Stores Germany GmbH
1101,50,Coach Stores Ireland Limited
1102,50,Coach Stores Limited
1103,50,"Coach Stores Puerto Rico, Inc."
1104,50,Coach Stores Switzerland GmbH
1105,50,Tapestry Inc.
1106,51,Rubbermaid
1107,51,Yankee Candle
1108,51,Coleman Company
1109,51,Marmot
1110,51,Sanford L.P.
1111,51,Sunbeam Products
1112,51,Calphalon
1113,51,MAPA GmbH
1114,51,First Alert
1115,51,Dymo Corporation
1116,51,Berol
1117,51,Elmers
1118,51,Rexair
1119,51,Endicia
1120,51,Parker Pen Company
1121,51,VISANT CORP
1122,51,Paper Mate
1123,51,Mapa S.A.S.
1124,51,ABU Garcia
1125,51,"Ignite USA, LLC"
1126,51,Newell Operating Co
1127,51,Naipes Heraclio Fournier
1128,51,Campingaz
1129,51,Waterman pens
1130,51,Quickie Manufacturing Corporation
1131,51,Newell Ltd
1132,51,"Bond Gifting, Inc."
1133,51,Alltrista Plastics LLC
1134,51,JOSTENS HOLDING CORP
1135,51,Penn Reels
1136,51,BernzOmatic
1137,51,Madshus
1138,51,Millefiori S.r.l.
1139,51,Sistema Plastics
1140,51,Hearthmark LLC
1141,51,Holmes Products
1142,51,NEFF MOTIVATION INC
1143,51,"Lifoam Industries, LLC"
1144,51,Aprica Childrens Products K.K.
1145,51,"bubba brands, Inc."
1146,51,Lehigh Consumer Products LLC
1147,51,Luma Home
1148,51,Sunbeam Corp Canada Ltd
1149,51,Jarden Zinc Products
1150,51,The Rival Company
1151,51,Newell Brands Inc
1152,52,Tommy Hilfiger
1153,52,Calvin Klein
1154,52,Izod
1155,52,Warnaco Group
1156,52,True & Co.
1157,52,Gazal Corporation
1158,52,PVH ltd
1159,52,Ocean Pacific
1160,52,Warnaco B.V.
1161,52,PVH Holdings GmbH & Co. KG
1162,52,CD Group Inc
1163,52,Tommy Hilfiger Europe B.V.
1164,52,PVH Asia Limited
1165,52,Sunshine B Pty Ltd.
1166,52,"Geoffrey Beene, LLC"
1167,52,PVH Brands Australia Pty Limited
1168,52,Calvin Klein Arvind Fashion Private Limited
1169,52,Hilfiger Stores B.V.
1170,52,Arvind Morjani Brands Private Limited
1171,52,Warnaco of Canada Company
1172,52,"Phillips-Van Heusen Canada, Inc"
1173,52,Hilfiger Stores SRO
1174,52,Calvin Klein Europe B.V.
1175,52,PVH Norge AS
1176,52,Hilfiger Stores GesmbH
1177,52,PVH Wholesale Corp
1178,52,Tommy Hilfiger Stores Norge AS
1179,52,Tommy Hilfiger Footwear Europe Gmbh
1180,52,Sunshine A Pty Ltd.
1181,52,TH Asia Ltd
1182,52,Calvin Klein Jeanswear Company
1183,52,CK Jeanswear Australia Pty Ltd
1184,52,Warnaco Swimwear Products Inc
1185,52,Eratex Gmbh
1186,52,Hilfiger Stores Denmark Aps
1187,52,Ck Stores Netherlands B.V.
1188,52,Tommy Hilfiger Hk Limited
1189,52,Tommy Hilfiger Finland Oy
1190,52,T.H. Deutschland Gmbh
1191,52,"PVH Services, S. de R.L. de C.V."
1192,52,Warnaco Intimo SA
1193,52,Warnaco HK Ltd
1194,52,Hilfiger Stores Netherlands B.V.
1195,52,DESIGNER HOLDINGS LTD
1196,52,Tommy Hilfiger Marka Dagitim Ve Ticaret Anomin Sirketi
1197,52,Wellrose Ltd.
1198,52,Cluett Peabody Resources Corp
1199,52,PVH Europe B.V.
1200,52,CKU.com Inc
1201,52,Karl Lagerfeld LLC
1202,52,PVH Retail Stores Inc
1203,52,PVH Corp.
1204,53,Leggett & Platt Incorporated
1205,54,Harley Davidson Financial Services Inc
1206,54,Harley-Davidson India
1207,54,H D Michigan LLC
1208,54,H D Michigan Inc
1209,54,"STACYC, Inc."
1210,54,Harley Davidson Motor Co Group LLC
1211,54,Harley-Davidson Asia Pacific Pte. Ltd.
1212,54,"H-D U.S.A., LLC"
1213,54,"HASC, LLC"
1214,54,MV Agusta USA LLC
1215,54,Harley Davidson Holding Co Inc
1216,54,Harley Davidson Museum LLC
1217,54,"Harley-Davidson Transportation Co., Inc."
1218,54,"Harley-Davidson Shanghai Commercial and Trading Co., Ltd."
1219,54,H D Pilgrim Road LLC
1220,54,H D Tomahawk Industrial Park LLC
1221,54,HDMC LLC
1222,54,H D Tomahawk Kaphaem Road LLC
1223,54,Harley-Davidson Sweden AB
1224,54,"H-D Capitol Drive, LLC"
1225,54,"Harley-Davidson Dealer Systems, Inc"
1226,54,HR Holding Corp
1227,54,Renovation Realty Investment Services Inc
1228,54,"Buell Distribution Company, LLC"
1229,54,Harley-Davidson Czech Republic s.r.o.
1230,54,H D Franklin LLC
1231,54,"H-D Tomahawk Somo, LLC"
1232,54,Harley Davidson International Holding Co Inc
1233,54,"Harley-Davidson Foundation, Inc."
1234,54,H D F&R LLC
1235,54,Harley-Davidson Inc.
1236,55,Acqui Polo CV
1237,55,"Acqui Polo GP, LLC"
1238,55,PRL Fashions Inc.
1239,55,"PRL International, Inc."
1240,55,"PRL Netherlands Limited, LLC f/k/a Acqui Polo Limited, LLC"
1241,55,"PRL USA, Inc."
1242,55,"Ralph Lauren Asia Pacific Limited f/k/a Polo Ralph Lauren Asia Pacific, Limited"
1243,55,Ralph Lauren Commercial Enterprises ULC
1244,55,Ralph Lauren Europe Sarl f/k/a Polo Ralph Lauren Europe Sarl
1245,55,Ralph Lauren Holding BV f/k/a Polo Hold BV
1246,55,Ralph Lauren International Holdings ULC
1247,55,"Ralph Lauren Retail, Inc. f/k/a Fashions Outlet of America, Inc."
1248,55,"RL Acqui Polo Holding GP, Sarl"
1249,55,"RL CV Holding Limited, Sarl"
1250,55,RL Finance BV f/k/a Polo Fin BV
1251,55,The Polo/Lauren Company LP
1252,55,Ralph Lauren Corporation
1253,56,"Alternative Apparel, Inc."
1254,56,"BA International, L.L.C."
1255,56,"Caribesock, Inc."
1256,56,"Caribetex, Inc."
1257,56,"CASA International, LLC"
1258,56,CC Products LLC
1259,56,"Ceibena Del, Inc."
1260,56,Event 1 LLC
1261,56,GearCo LLC
1262,56,GFSI Holdings LLC
1263,56,GFSI LLC
1264,56,"GTM Retail, Inc."
1265,56,Hanes El Pedregal Holdings LLC
1266,56,Hanes Global Holdings U.S. Inc.
1267,56,Hanes Jiboa Holdings LLC
1268,56,"Hanes Menswear, LLC"
1269,56,Hanes Minority Holdings LLC
1270,56,"Hanes Puerto Rico, Inc."
1271,56,"Hanesbrands Direct, LLC"
1272,56,"Hanesbrands Distribution, Inc."
1273,56,Hanesbrands Export Canada LLC
1274,56,"HBI Branded Apparel Enterprises, LLC"
1275,56,"HBI Branded Apparel Limited, Inc."
1276,56,"HbI International, LLC"
1277,56,HBI Playtex Bath LLC
1278,56,HBI Receivables LLC
1279,56,"HBI Sourcing, LLC"
1280,56,Inner Self LLC
1281,56,"Its Greek To Me, Inc."
1282,56,"Jasper-Costa Rica, L.L.C."
1283,56,Knights Apparel LLC
1284,56,Knights Holdco LLC
1285,56,Maidenform Bangladesh LLC
1286,56,Maidenform  LLC
1287,56,Maidenform Brands LLC
1288,56,Maidenform International LLC
1289,56,Maidenform LLC
1290,56,MF Retail LLC
1291,56,"Playtex Dorado, LLC"
1292,56,"Playtex Industries, Inc."
1293,56,Playtex Marketing Corporation 50% owned
1294,56,"Seamless Textiles, LLC"
1295,56,"UPCR, Inc."
1296,56,"UPEL, Inc."
1297,56,Hanesbrands Inc.
1298,57,Capri Holdings Limited
1299,58,H&R Block Services Inc
1300,58,HRB Digital LLC
1301,58,HRB Innovations Inc
1302,58,H&R Block ltd
1303,58,"Blue Fountains International, ULC"
1304,58,H&R Block India Private ltd
1305,58,H&R Block Bank
1306,58,HRB Tax Group Inc
1307,58,H&R Block Tax Services LLC
1308,58,"H&R Block Tax Services, Inc"
1309,58,Block Financial LLC
1310,58,"H&R Block Eastern Enterprises, Inc"
1311,58,HRB International LLC
1312,58,H&R Block Financial Advisors Inc
1313,58,H&R Block Enterprises LLC
1314,58,H&R Block Enterprises Inc
1315,58,Sand Canyon Corp
1316,58,"TaxWorks, Inc"
1317,58,HRB Technology LLC
1318,58,"H&R Block Canada, Inc."
1319,58,RSM EQUICO CAPITAL MARKETS LLC
1320,58,"RSM McGladrey TBS, LLC"
1321,58,"RSM Equico, Inc"
1322,58,"RedGear Technologies, Inc"
1323,58,"H&R Block Management, LLC"
1324,58,Companion Mortgage Corp
1325,58,FM Business Services Inc
1326,58,PDI Global Inc
1327,58,BIRCHTREE FINANCIAL SERVICES INC
1328,58,Franchise Partner Inc
1329,58,McKinley Scearcy Associates
1330,58,"H&R Block Tax Institute, LLC"
1331,58,"H&R Block Insurance Agency of Massachusetts, Inc"
1332,58,OOMC Residual Corporation
1333,58,"Companion Insurance, Ltd"
1334,58,"Burr Oak Technical Solutions, Inc"
1335,58,Woodbridge Mortgage Acceptance Corporation
1336,58,Premier Property Tax Services LLC
1337,58,HRB Digital Technology Resources LLC
1338,58,"Cfstaffing, Ltd"
1339,58,Option One Mortgage Securities II Corp
1340,58,"The Tax Man, Inc"
1341,58,Option One Mortgage Securities IV LLC
1342,58,H&R Block Inc.
1343,59,Macys
1344,59,Bloomingdales
1345,59,Ralphs
1346,59,Macys Systems & Technology Inc
1347,59,Boston Store
1348,59,Macys Merchandising Group Inc
1349,59,Macys West
1350,59,"Macys Retail Holdings, Inc."
1351,59,Macys Corporate Services Inc
1352,59,"Macys West Stores, Inc."
1353,59,"Macys Credit and Customer Services, Inc"
1354,59,Macys China Limited
1355,59,Deerfield Funding Corp
1356,59,"FACS Insurance Agency, Inc"
1357,59,Macys Merchandising Group International LLC
1358,59,West 34Th Street Insurance Company
1359,59,Leadville Insurance Company
1360,59,Snowdin Insurance Company
1361,59,"Macys Florida Stores, LLC"
1362,59,Macys Specialty Stores Inc
1363,59,Macy Special Real Estate Capital Corporation
1364,59,"Federated Department Stores Insurance Company, Inc."
1365,59,Macy Receivables Master Servicing Corp.
1366,59,FDS Bank
1367,59,Macys Logistics and Operations
1368,59,R. H. Macy Overseas Finance N.V.
1369,59,"Macys Puerto Rico, Inc"
1370,59,"Bloomingdales The Outlet Store, Inc."
1371,59,Macys Foundation
1372,59,STORY
1373,59,Macys Department Stores Inc
1374,59,"FDS Thrift Holding Co., Inc."
1375,59,Bloomingdales By Mail Ltd
1376,59,Advertex Communications Inc
1377,59,Bluemercury
1378,59,Macys Credit Operations Inc
1379,59,Macys Merchandising Corporation
1380,59,"Macysbackstage.com, Inc."
1381,59,West 34Th Street Insurance Co. Of New York
1382,59,"Macys Kings Plaza Real Estate, Inc."
1383,59,"Federated Department Stores Insurance Company, Ltd."
1384,59,"Federated Direct, Inc."
1385,59,Macys.com Inc
1386,59,Macys Inc
1387,60,Victorias Secret
1388,60,Bath & Body Works
1389,60,Henri Bendel
1390,60,La Senza
1391,60,Lane Bryant
1392,60,Tween Brands
1393,60,Victorias Secret Stores Brand Management Inc
1394,60,C. O. Bigelow
1395,60,Mast Industries Far East Ltd
1396,60,Intimate Brands Inc
1397,60,Victorias Secret Stores LLC
1398,60,beautyAvenues Inc
1399,60,"MII Brand Import, LLC"
1400,60,"Limited Brands Service Company, LLC"
1401,60,"Aura Science, LLC"
1402,60,American Beauty Limited
1403,60,Limited Brands Foundation
1404,60,L Overseas Holdings LP
1405,60,L Brands Fashion Retail Ireland Limited
1406,60,Victorias Secret Beauty Company
1407,60,Distribution Land Corp
1408,60,"Retail Store Operations, Inc."
1409,60,"Intimate Brands Holding, LLC"
1410,60,"Limited Overseas Finance, LP"
1411,60,"Mast Industries Delaware, Inc."
1412,60,The White Barn Candle Company
1413,60,"Victorias Secret Direct Brand Management, LLC"
1414,60,"Independent Production Services, Inc."
1415,60,L Brands Overseas Inc.
1416,60,"Limited Customs Services, Inc."
1417,60,"Bath & Body Works Brand Management, Inc."
1418,60,L Brands Inc.
1419,61,Nordstrom Inc.
1420,62,Old Navy
1421,62,Banana Republic
1422,62,Athleta Inc
1423,62,Old Navy Canada Inc
1424,62,GPS Great Britain Ltd
1425,62,Gap UK Holdings Ltd
1426,62,GAP JAPAN
1427,62,Intermix
1428,62,Gap Canada Inc
1429,62,Forth & Towne
1430,62,Gap ITM Inc
1431,62,Gap France SAS.
1432,62,Consumer Services LLC
1433,62,Gap International Sourcing LLC
1434,62,Gap Europe Ltd
1435,62,Gap International Sourcing Ltd
1436,62,Banana Republic ITM Inc
1437,62,Gap Stores Ireland Limited
1438,62,Gap Netherlands B.V.
1439,62,Gap International Sourcing Inc
1440,62,Banana Republic Apparel LLC
1441,62,Gap RHC B.V.
1442,62,Athleta ITM Inc
1443,62,Banana Republic Japan Y.K.
1444,62,"Gap Apparel, LLC"
1445,62,"Gap Services, Inc"
1446,62,"Gap International Sales, Inc"
1447,62,Forth & Towne Apparel LLC
1448,62,Forth & Towne Japan Y.K.
1449,62,Gap Puerto Rico Inc
1450,62,Gap International Sourcing Americas LLC
1451,62,Gap International B.V.
1452,62,GPS Strategic Alliances LLC
1453,62,Old Navy Apparel LLC
1454,62,Gap International Sourcing U.S.A. Inc.
1455,62,Gap International Sourcing India Private Limited
1456,62,Gap International Sourcing Mexico S.A. de C.V.
1457,62,"GPS Consumer , Inc"
1458,62,Gap International Sourcing Pte. Ltd
1459,62,Old Navy ITM Inc
1460,62,Gap International Sourcing Holdings Limited
1461,62,Gap Inc.
1462,63,"MapMyFitness, Inc."
1463,63,Under Armour Europe B.V.
1464,63,Under Armour Canada ULC
1465,63,Under Armour UK Limited
1466,63,"MyFitnessPal, Inc."
1467,63,Under Armour Retail Inc
1468,63,Under Armour Asia Limited
1469,63,"UA Locust Point, LLC"
1470,63,Under Armour France S.a.r.l
1471,63,"Under Armour Retail of Mississippi, LLC"
1472,63,Under Armour Germany GmbH
1473,63,Endomondo Organization
1474,63,"Under Armour Retail of Nevada, LLC"
1475,63,"Under Armour Manufacturing, LLC"
1476,63,"Under Armour Retail Of Florida, LLC"
1477,63,"Under Armour Retail of New York, LLC"
1478,63,"Under Armour Retail of Washington, LLC"
1479,63,Global Sourcing Ltd.
1480,63,"Under Armour Retail Of Maryland, L.L.C."
1481,63,"Under Armour Retail of New Jersey, LLC"
1482,63,"Under Armour Retail Of DC, LLC"
1483,63,UA Sourcing CBT
1484,63,"Under Armour Retail of Maine, LLC"
1485,63,"Under Armour Retail of Wisconsin, LLC"
1486,63,"Under Armour Retail of California, LLC"
1487,63,"Under Armour Retail of Arizona, LLC"
1488,63,Under Armour Japan G.K.
1489,63,"Under Armour Retail of South Carolina, LLC"
1490,63,"Under Armour Retail of New Hampshire, LLC"
1491,63,UA China Sourcing Limited
1492,63,UA China Investments Limited
1493,63,"Under Armour Retail of Illinois, LLC"
1494,63,"Under Armour Retail Of Texas, LLC"
1495,63,"UA Combine Training Center, LLC"
1496,63,"Under Armour Retail Of Ohio, LLC"
1497,63,"Under Armour Retail of Kansas, LLC"
1498,63,Under Armour Mexico S. De R.L. De C.V.
1499,63,"Under Armour Retail of Missouri, LLC"
1500,63,"Under Armour Holdings, Inc."
1501,63,"Under Armour Retail of Indiana, LLC"
1502,63,"Under Armour Trading Shanghai Co., Ltd."
1503,63,"Under Armour Retail of Tennessee, LLC"
1504,63,"Under Armour Retail of Oregon, LLC"
1505,63,UA International Holdings C.V.
1506,63,UA China Holdings Limited
1507,63,"Under Armour Retail Of Georgia, LLC"
1508,63,UA China Capital Limited
1509,63,"Under Armour Global Holdings, L.P."
1510,63,"Under Armour Retail of New Mexico, LLC"
1511,63,"Under Armour Retail of North Carolina, LLC"
1512,63,"Under Armour Retail of Oklahoma, LLC"
1513,63,Under Armour Inc.
